,file_name,wave_setting,MJD-OBS,path
0,UVES.2014-09-14T09_36_10.214.fits,346,56914.400118225,EDIBLES_raw_all/UVES.2014-09-14T09_36_10.214.fits
1,UVES.2014-09-17T11_25_54.592.fits,346,56917.476326305,EDIBLES_raw_all/UVES.2014-09-17T11_25_54.592.fits
2,UVES.2014-09-20T12_49_30.188.fits,346,56920.534377181,EDIBLES_raw_all/UVES.2014-09-20T12_49_30.188.fits
3,UVES.2014-09-23T12_36_18.393.fits,346,56923.525212885,EDIBLES_raw_all/UVES.2014-09-23T12_36_18.393.fits
4,UVES.2014-09-24T13_32_51.779.fits,346,56924.56448818,EDIBLES_raw_all/UVES.2014-09-24T13_32_51.779.fits
5,UVES.2014-09-26T13_41_47.829.fits,346,56926.570692473,EDIBLES_raw_all/UVES.2014-09-26T13_41_47.829.fits
6,UVES.2014-09-27T13_29_40.187.fits,346,56927.562270677,EDIBLES_raw_all/UVES.2014-09-27T13_29_40.187.fits
7,UVES.2014-09-29T12_31_18.992.fits,346,56929.521747595,EDIBLES_raw_all/UVES.2014-09-29T12_31_18.992.fits
8,UVES.2014-10-01T12_18_06.981.fits,346,56931.512580797,EDIBLES_raw_all/UVES.2014-10-01T12_18_06.981.fits
9,UVES.2014-10-06T14_17_59.684.fits,346,56936.595829681,EDIBLES_raw_all/UVES.2014-10-06T14_17_59.684.fits
10,UVES.2014-10-08T12_29_43.204.fits,346,56938.520638931,EDIBLES_raw_all/UVES.2014-10-08T12_29_43.204.fits
11,UVES.2014-10-10T12_04_08.609.fits,346,56940.502877421,EDIBLES_raw_all/UVES.2014-10-10T12_04_08.609.fits
12,UVES.2014-10-13T11_27_03.406.fits,346,56943.477122763,EDIBLES_raw_all/UVES.2014-10-13T11_27_03.406.fits
13,UVES.2014-10-15T12_45_27.570.fits,346,56945.531569104,EDIBLES_raw_all/UVES.2014-10-15T12_45_27.570.fits
14,UVES.2014-10-29T12_29_42.245.fits,346,56959.520627826,EDIBLES_raw_all/UVES.2014-10-29T12_29_42.245.fits
15,UVES.2014-10-29T13_08_18.406.fits,346,56959.547435259,EDIBLES_raw_all/UVES.2014-10-29T13_08_18.406.fits
16,UVES.2014-11-04T11_07_18.995.fits,346,56965.463414292,EDIBLES_raw_all/UVES.2014-11-04T11_07_18.995.fits
17,UVES.2014-11-05T12_14_06.768.fits,346,56966.509800555,EDIBLES_raw_all/UVES.2014-11-05T12_14_06.768.fits
18,UVES.2014-11-22T11_06_09.558.fits,346,56983.462610634,EDIBLES_raw_all/UVES.2014-11-22T11_06_09.558.fits
19,UVES.2014-12-10T10_32_16.493.fits,346,57001.439079781,EDIBLES_raw_all/UVES.2014-12-10T10_32_16.493.fits
20,UVES.2014-12-14T12_31_37.453.fits,346,57005.521961259,EDIBLES_raw_all/UVES.2014-12-14T12_31_37.453.fits
21,UVES.2014-12-17T11_33_47.290.fits,346,57008.481797341,EDIBLES_raw_all/UVES.2014-12-17T11_33_47.290.fits
22,UVES.2014-12-21T12_56_10.821.fits,346,57012.539014127,EDIBLES_raw_all/UVES.2014-12-21T12_56_10.821.fits
23,UVES.2015-01-14T10_45_46.634.fits,346,57036.448456415,EDIBLES_raw_all/UVES.2015-01-14T10_45_46.634.fits
24,UVES.2015-01-14T11_31_31.032.fits,346,57036.480220285,EDIBLES_raw_all/UVES.2015-01-14T11_31_31.032.fits
25,UVES.2015-01-20T11_24_58.186.fits,346,57042.475673453,EDIBLES_raw_all/UVES.2015-01-20T11_24_58.186.fits
26,UVES.2015-01-21T12_39_30.163.fits,346,57043.527432441,EDIBLES_raw_all/UVES.2015-01-21T12_39_30.163.fits
27,UVES.2015-01-28T11_19_30.746.fits,346,57050.471883633,EDIBLES_raw_all/UVES.2015-01-28T11_19_30.746.fits
28,UVES.2015-01-30T08_05_32.171.fits,346,57052.337177909,EDIBLES_raw_all/UVES.2015-01-30T08_05_32.171.fits
29,UVES.2015-02-12T13_40_34.551.fits,346,57065.569844336,EDIBLES_raw_all/UVES.2015-02-12T13_40_34.551.fits
30,UVES.2015-02-16T11_58_04.862.fits,346,57069.498667383,EDIBLES_raw_all/UVES.2015-02-16T11_58_04.862.fits
31,UVES.2015-02-18T12_24_00.712.fits,346,57071.516674913,EDIBLES_raw_all/UVES.2015-02-18T12_24_00.712.fits
32,UVES.2015-02-19T11_31_06.565.fits,346,57072.479937098,EDIBLES_raw_all/UVES.2015-02-19T11_31_06.565.fits
33,UVES.2015-02-25T12_15_06.585.fits,346,57078.510492878,EDIBLES_raw_all/UVES.2015-02-25T12_15_06.585.fits
34,UVES.2015-02-27T11_52_38.370.fits,346,57080.494888543,EDIBLES_raw_all/UVES.2015-02-27T11_52_38.370.fits
35,UVES.2015-03-06T14_18_47.621.fits,346,57087.596384498,EDIBLES_raw_all/UVES.2015-03-06T14_18_47.621.fits
36,UVES.2015-04-20T13_07_24.896.fits,346,57132.546815932,EDIBLES_raw_all/UVES.2015-04-20T13_07_24.896.fits
37,UVES.2015-04-24T11_27_52.937.fits,346,57136.477696028,EDIBLES_raw_all/UVES.2015-04-24T11_27_52.937.fits
38,UVES.2015-05-28T13_28_27.894.fits,346,57170.561433955,EDIBLES_raw_all/UVES.2015-05-28T13_28_27.894.fits
39,UVES.2015-05-30T12_44_29.019.fits,346,57172.530891425,EDIBLES_raw_all/UVES.2015-05-30T12_44_29.019.fits
40,UVES.2015-06-02T16_17_16.772.fits,346,57175.678666342,EDIBLES_raw_all/UVES.2015-06-02T16_17_16.772.fits
41,UVES.2015-06-04T14_03_25.013.fits,346,57177.585706172,EDIBLES_raw_all/UVES.2015-06-04T14_03_25.013.fits
42,UVES.2015-06-18T13_03_46.112.fits,346,57191.544283705,EDIBLES_raw_all/UVES.2015-06-18T13_03_46.112.fits
43,UVES.2015-06-18T14_26_31.574.fits,346,57191.601754331,EDIBLES_raw_all/UVES.2015-06-18T14_26_31.574.fits
44,UVES.2015-06-26T14_38_34.511.fits,346,57199.610121647,EDIBLES_raw_all/UVES.2015-06-26T14_38_34.511.fits
45,UVES.2015-06-30T13_51_00.535.fits,346,57203.577089526,EDIBLES_raw_all/UVES.2015-06-30T13_51_00.535.fits
46,UVES.2015-07-02T19_35_15.196.fits,346,57205.816148096,EDIBLES_raw_all/UVES.2015-07-02T19_35_15.196.fits
47,UVES.2015-07-03T12_46_04.619.fits,346,57206.531997901,EDIBLES_raw_all/UVES.2015-07-03T12_46_04.619.fits
48,UVES.2015-07-16T13_27_17.755.fits,346,57219.560622172,EDIBLES_raw_all/UVES.2015-07-16T13_27_17.755.fits
49,UVES.2015-07-20T14_58_03.722.fits,346,57223.623654185,EDIBLES_raw_all/UVES.2015-07-20T14_58_03.722.fits
50,UVES.2015-08-16T10_21_56.945.fits,346,57250.431909082,EDIBLES_raw_all/UVES.2015-08-16T10_21_56.945.fits
51,UVES.2015-08-16T11_08_26.438.fits,346,57250.464194894,EDIBLES_raw_all/UVES.2015-08-16T11_08_26.438.fits
52,UVES.2015-08-17T08_01_06.053.fits,346,57251.334097827,EDIBLES_raw_all/UVES.2015-08-17T08_01_06.053.fits
53,UVES.2015-08-21T15_16_49.670.fits,346,57255.636685987,EDIBLES_raw_all/UVES.2015-08-21T15_16_49.670.fits
54,UVES.2015-08-23T13_30_41.354.fits,346,57257.562978635,EDIBLES_raw_all/UVES.2015-08-23T13_30_41.354.fits
55,UVES.2015-09-11T12_04_16.338.fits,346,57276.502966885,EDIBLES_raw_all/UVES.2015-09-11T12_04_16.338.fits
56,UVES.2015-09-13T14_18_03.572.fits,346,57278.595874679,EDIBLES_raw_all/UVES.2015-09-13T14_18_03.572.fits
57,UVES.2015-09-18T12_10_11.454.fits,346,57283.507077009,EDIBLES_raw_all/UVES.2015-09-18T12_10_11.454.fits
58,UVES.2015-09-20T12_50_44.574.fits,346,57285.535238127,EDIBLES_raw_all/UVES.2015-09-20T12_50_44.574.fits
59,UVES.2015-09-27T12_04_10.314.fits,346,57292.502897152,EDIBLES_raw_all/UVES.2015-09-27T12_04_10.314.fits
60,UVES.2015-09-27T14_49_26.011.fits,346,57292.617662164,EDIBLES_raw_all/UVES.2015-09-27T14_49_26.011.fits
61,UVES.2015-09-30T13_31_26.132.fits,346,57295.5634969,EDIBLES_raw_all/UVES.2015-09-30T13_31_26.132.fits
62,UVES.2015-10-11T14_11_44.612.fits,346,57306.591488557,EDIBLES_raw_all/UVES.2015-10-11T14_11_44.612.fits
63,UVES.2015-10-15T12_53_18.910.fits,346,57310.537024421,EDIBLES_raw_all/UVES.2015-10-15T12_53_18.910.fits
64,UVES.2015-11-09T11_21_19.011.fits,346,57335.473136698,EDIBLES_raw_all/UVES.2015-11-09T11_21_19.011.fits
65,UVES.2015-11-14T11_54_24.112.fits,346,57340.496112411,EDIBLES_raw_all/UVES.2015-11-14T11_54_24.112.fits
66,UVES.2015-11-21T11_50_21.385.fits,346,57347.493303068,EDIBLES_raw_all/UVES.2015-11-21T11_50_21.385.fits
67,UVES.2015-11-23T11_17_43.295.fits,346,57349.470639991,EDIBLES_raw_all/UVES.2015-11-23T11_17_43.295.fits
68,UVES.2015-11-30T11_40_39.939.fits,346,57356.48657337,calib_raw/UVES.2015-11-30T11_40_39.939.fits
69,UVES.2015-12-14T11_33_59.323.fits,346,57370.481936612,calib_raw/UVES.2015-12-14T11_33_59.323.fits
70,UVES.2015-12-21T11_33_28.386.fits,346,57377.481578536,calib_raw/UVES.2015-12-21T11_33_28.386.fits
71,UVES.2015-12-21T14_18_21.226.fits,346,57377.596079014,calib_raw/UVES.2015-12-21T14_18_21.226.fits
72,UVES.2015-12-24T10_25_51.211.fits,346,57380.434620499,calib_raw/UVES.2015-12-24T10_25_51.211.fits
73,UVES.2015-12-28T12_01_35.362.fits,346,57384.501103727,calib_raw/UVES.2015-12-28T12_01_35.362.fits
74,UVES.2016-01-04T11_55_37.157.fits,346,57391.496957836,calib_raw/UVES.2016-01-04T11_55_37.157.fits
75,UVES.2016-01-11T11_29_00.492.fits,346,57398.478477918,calib_raw/UVES.2016-01-11T11_29_00.492.fits
76,UVES.2016-01-12T11_39_50.312.fits,346,57399.485998983,calib_raw/UVES.2016-01-12T11_39_50.312.fits
77,UVES.2016-01-18T12_32_25.739.fits,346,57405.522520132,calib_raw/UVES.2016-01-18T12_32_25.739.fits
78,UVES.2016-01-25T12_43_06.949.fits,346,57412.529941544,calib_raw/UVES.2016-01-25T12_43_06.949.fits
79,UVES.2016-02-05T11_00_56.015.fits,346,57423.458981656,calib_raw/UVES.2016-02-05T11_00_56.015.fits
80,UVES.2016-02-15T12_42_09.887.fits,346,57433.529281098,calib_raw/UVES.2016-02-15T12_42_09.887.fits
81,UVES.2016-02-21T14_07_06.327.fits,346,57439.588267675,calib_raw/UVES.2016-02-21T14_07_06.327.fits
82,UVES.2016-02-21T14_07_06.327.fits,346,57439.588267675,EDIBLES_raw_all/UVES.2016-02-21T14_07_06.327.fits
83,UVES.2016-02-22T15_03_54.831.fits,346,57440.627717952,EDIBLES_raw_all/UVES.2016-02-22T15_03_54.831.fits
84,UVES.2016-03-17T12_42_27.999.fits,346,57464.529490728,EDIBLES_raw_all/UVES.2016-03-17T12_42_27.999.fits
85,UVES.2016-03-20T13_10_00.791.fits,346,57467.548620269,EDIBLES_raw_all/UVES.2016-03-20T13_10_00.791.fits
86,UVES.2016-03-21T12_45_13.063.fits,346,57468.531401186,EDIBLES_raw_all/UVES.2016-03-21T12_45_13.063.fits
87,UVES.2016-03-23T15_08_28.845.fits,346,57470.630889414,EDIBLES_raw_all/UVES.2016-03-23T15_08_28.845.fits
88,UVES.2016-03-28T13_11_15.335.fits,346,57475.549483039,EDIBLES_raw_all/UVES.2016-03-28T13_11_15.335.fits
89,UVES.2016-03-29T12_47_37.969.fits,346,57476.533078353,EDIBLES_raw_all/UVES.2016-03-29T12_47_37.969.fits
90,UVES.2016-04-04T12_50_32.554.fits,346,57482.535099003,EDIBLES_raw_all/UVES.2016-04-04T12_50_32.554.fits
91,UVES.2016-04-06T11_27_53.530.fits,346,57484.477702888,EDIBLES_raw_all/UVES.2016-04-06T11_27_53.530.fits
92,UVES.2016-04-11T11_31_48.602.fits,346,57489.480423626,EDIBLES_raw_all/UVES.2016-04-11T11_31_48.602.fits
93,UVES.2016-04-11T13_13_30.215.fits,346,57489.551044145,EDIBLES_raw_all/UVES.2016-04-11T13_13_30.215.fits
94,UVES.2016-04-19T13_53_50.009.fits,346,57497.579051026,EDIBLES_raw_all/UVES.2016-04-19T13_53_50.009.fits
95,UVES.2016-04-25T13_10_19.128.fits,346,57503.5488325,EDIBLES_raw_all/UVES.2016-04-25T13_10_19.128.fits
96,UVES.2016-05-05T11_27_49.598.fits,346,57513.477657384,EDIBLES_raw_all/UVES.2016-05-05T11_27_49.598.fits
97,UVES.2016-05-08T10_35_55.548.fits,346,57516.441615145,EDIBLES_raw_all/UVES.2016-05-08T10_35_55.548.fits
98,UVES.2016-05-09T14_14_57.905.fits,346,57517.593725752,EDIBLES_raw_all/UVES.2016-05-09T14_14_57.905.fits
99,UVES.2016-05-16T13_26_10.524.fits,346,57524.559844027,EDIBLES_raw_all/UVES.2016-05-16T13_26_10.524.fits
100,UVES.2016-05-21T12_20_21.910.fits,346,57529.514142475,EDIBLES_raw_all/UVES.2016-05-21T12_20_21.910.fits
101,UVES.2016-06-06T12_11_26.243.fits,346,57545.507942633,EDIBLES_raw_all/UVES.2016-06-06T12_11_26.243.fits
102,UVES.2016-06-09T13_49_26.145.fits,346,57548.575997048,EDIBLES_raw_all/UVES.2016-06-09T13_49_26.145.fits
103,UVES.2016-06-12T13_46_00.992.fits,346,57551.573622589,EDIBLES_raw_all/UVES.2016-06-12T13_46_00.992.fits
104,UVES.2016-06-13T13_45_27.641.fits,346,57552.573236591,EDIBLES_raw_all/UVES.2016-06-13T13_45_27.641.fits
105,UVES.2016-06-16T13_21_04.246.fits,346,57555.556299135,EDIBLES_raw_all/UVES.2016-06-16T13_21_04.246.fits
106,UVES.2016-06-29T12_44_07.751.fits,346,57568.530645268,EDIBLES_raw_all/UVES.2016-06-29T12_44_07.751.fits
107,UVES.2016-07-02T12_54_55.522.fits,346,57571.538142615,EDIBLES_raw_all/UVES.2016-07-02T12_54_55.522.fits
108,UVES.2016-07-07T12_55_52.921.fits,346,57576.538806959,EDIBLES_raw_all/UVES.2016-07-07T12_55_52.921.fits
109,UVES.2016-07-11T13_16_26.313.fits,346,57580.553082332,EDIBLES_raw_all/UVES.2016-07-11T13_16_26.313.fits
110,UVES.2016-07-14T13_55_38.766.fits,346,57583.580309785,EDIBLES_raw_all/UVES.2016-07-14T13_55_38.766.fits
111,UVES.2016-07-24T12_54_47.099.fits,346,57593.538045126,EDIBLES_raw_all/UVES.2016-07-24T12_54_47.099.fits
112,UVES.2016-07-25T13_26_12.471.fits,346,57594.559866556,EDIBLES_raw_all/UVES.2016-07-25T13_26_12.471.fits
113,UVES.2016-08-08T13_43_15.133.fits,346,57608.571702934,EDIBLES_raw_all/UVES.2016-08-08T13_43_15.133.fits
114,UVES.2016-08-08T15_25_53.920.fits,346,57608.642985179,EDIBLES_raw_all/UVES.2016-08-08T15_25_53.920.fits
115,UVES.2016-08-12T12_38_28.643.fits,346,57612.526720412,EDIBLES_raw_all/UVES.2016-08-12T12_38_28.643.fits
116,UVES.2016-08-15T15_17_01.233.fits,346,57615.636819828,EDIBLES_raw_all/UVES.2016-08-15T15_17_01.233.fits
117,UVES.2016-08-19T13_28_30.138.fits,346,57619.561459932,EDIBLES_raw_all/UVES.2016-08-19T13_28_30.138.fits
118,UVES.2016-08-29T12_50_30.528.fits,346,57629.535075551,EDIBLES_raw_all/UVES.2016-08-29T12_50_30.528.fits
119,UVES.2016-08-29T15_04_39.619.fits,346,57629.628236329,EDIBLES_raw_all/UVES.2016-08-29T15_04_39.619.fits
120,UVES.2016-09-08T12_17_57.782.fits,346,57639.512474332,EDIBLES_raw_all/UVES.2016-09-08T12_17_57.782.fits
121,UVES.2016-09-12T13_15_44.618.fits,346,57643.55259975,EDIBLES_raw_all/UVES.2016-09-12T13_15_44.618.fits
122,UVES.2016-09-12T16_04_04.259.fits,346,57643.669493736,EDIBLES_raw_all/UVES.2016-09-12T16_04_04.259.fits
123,UVES.2017-01-01T12_01_11.224.fits,346,57754.500824349,EDIBLES_raw_all/UVES.2017-01-01T12_01_11.224.fits
124,UVES.2017-01-02T12_40_10.082.fits,346,57755.527894468,EDIBLES_raw_all/UVES.2017-01-02T12_40_10.082.fits
125,UVES.2017-01-07T13_38_39.909.fits,346,57760.568517467,EDIBLES_raw_all/UVES.2017-01-07T13_38_39.909.fits
126,UVES.2017-01-08T11_37_34.301.fits,346,57761.484424775,EDIBLES_raw_all/UVES.2017-01-08T11_37_34.301.fits
127,UVES.2017-02-23T12_53_26.562.fits,346,57807.537112993,EDIBLES_raw_all/UVES.2017-02-23T12_53_26.562.fits
128,UVES.2017-02-23T14_57_47.840.fits,346,57807.623470374,EDIBLES_raw_all/UVES.2017-02-23T14_57_47.840.fits
129,UVES.2017-04-14T13_35_09.163.fits,346,57857.566078268,EDIBLES_raw_all/UVES.2017-04-14T13_35_09.163.fits
130,UVES.2017-04-17T12_18_10.862.fits,346,57860.512625719,EDIBLES_raw_all/UVES.2017-04-17T12_18_10.862.fits
131,UVES.2017-04-20T11_01_51.305.fits,346,57863.459621578,EDIBLES_raw_all/UVES.2017-04-20T11_01_51.305.fits
132,UVES.2017-04-23T14_16_05.365.fits,346,57866.594506541,EDIBLES_raw_all/UVES.2017-04-23T14_16_05.365.fits
133,UVES.2017-04-26T13_18_04.598.fits,346,57869.554219893,EDIBLES_raw_all/UVES.2017-04-26T13_18_04.598.fits
134,UVES.2017-04-28T12_59_20.870.fits,346,57871.541213773,EDIBLES_raw_all/UVES.2017-04-28T12_59_20.870.fits
135,UVES.2017-04-29T17_55_50.997.fits,346,57872.747118015,EDIBLES_raw_all/UVES.2017-04-29T17_55_50.997.fits
136,UVES.2017-05-02T12_33_59.958.fits,346,57875.523610621,EDIBLES_raw_all/UVES.2017-05-02T12_33_59.958.fits
137,UVES.2017-05-05T13_25_31.661.fits,346,57878.559394216,EDIBLES_raw_all/UVES.2017-05-05T13_25_31.661.fits
138,UVES.2017-05-07T12_21_06.829.fits,346,57880.514662371,EDIBLES_raw_all/UVES.2017-05-07T12_21_06.829.fits
139,UVES.2017-06-16T13_20_33.956.fits,346,57920.555948575,EDIBLES_raw_all/UVES.2017-06-16T13_20_33.956.fits
140,UVES.2017-06-30T13_16_31.966.fits,346,57934.553147757,EDIBLES_raw_all/UVES.2017-06-30T13_16_31.966.fits
141,UVES.2017-07-01T12_22_09.710.fits,346,57935.51539016,EDIBLES_raw_all/UVES.2017-07-01T12_22_09.710.fits
142,UVES.2017-07-17T20_49_46.925.fits,346,57951.867904226,EDIBLES_raw_all/UVES.2017-07-17T20_49_46.925.fits
143,UVES.2017-08-05T12_59_45.219.fits,346,57970.541495587,EDIBLES_raw_all/UVES.2017-08-05T12_59_45.219.fits
144,UVES.2017-08-09T16_45_04.743.fits,346,57974.697971561,EDIBLES_raw_all/UVES.2017-08-09T16_45_04.743.fits
145,UVES.2017-08-23T12_13_09.000.fits,346,57988.509131953,EDIBLES_raw_all/UVES.2017-08-23T12_13_09.000.fits
146,UVES.2017-08-25T16_54_38.441.fits,346,57990.704611592,EDIBLES_raw_all/UVES.2017-08-25T16_54_38.441.fits
147,UVES.2017-08-26T11_49_48.667.fits,346,57991.492924386,EDIBLES_raw_all/UVES.2017-08-26T11_49_48.667.fits
148,UVES.2017-09-22T12_11_01.968.fits,346,58018.507661666,EDIBLES_raw_all/UVES.2017-09-22T12_11_01.968.fits
149,UVES.2017-09-22T13_19_23.620.fits,346,58018.555134493,EDIBLES_raw_all/UVES.2017-09-22T13_19_23.620.fits
150,UVES.2017-09-29T12_07_56.714.fits,346,58025.505517518,EDIBLES_raw_all/UVES.2017-09-29T12_07_56.714.fits
151,UVES.2017-10-01T12_08_10.011.fits,346,58027.505671421,EDIBLES_raw_all/UVES.2017-10-01T12_08_10.011.fits
152,UVES.2017-10-06T12_26_59.049.fits,346,58032.518738994,EDIBLES_raw_all/UVES.2017-10-06T12_26_59.049.fits
153,UVES.2017-12-17T11_30_13.049.fits,346,58104.4793177,EDIBLES_raw_all/UVES.2017-12-17T11_30_13.049.fits
154,UVES.2017-12-18T14_22_36.430.fits,346,58105.599032752,EDIBLES_raw_all/UVES.2017-12-18T14_22_36.430.fits
155,UVES.2018-02-12T12_55_35.773.fits,346,58161.538608483,EDIBLES_raw_all/UVES.2018-02-12T12_55_35.773.fits
156,UVES.2018-02-15T12_50_05.872.fits,346,58164.53479018,EDIBLES_raw_all/UVES.2018-02-15T12_50_05.872.fits
157,UVES.2018-03-17T12_43_35.128.fits,346,58194.530267677,EDIBLES_raw_all/UVES.2018-03-17T12_43_35.128.fits
158,UVES.2018-03-18T12_34_54.700.fits,346,58195.524244212,EDIBLES_raw_all/UVES.2018-03-18T12_34_54.700.fits
159,UVES.2018-03-24T11_16_45.785.fits,346,58201.469974358,EDIBLES_raw_all/UVES.2018-03-24T11_16_45.785.fits
160,UVES.2018-03-25T12_34_03.396.fits,346,58202.523650422,EDIBLES_raw_all/UVES.2018-03-25T12_34_03.396.fits
161,UVES.2018-05-23T13_44_06.284.fits,346,58261.572294947,EDIBLES_raw_all/UVES.2018-05-23T13_44_06.284.fits
162,UVES.2018-05-24T13_39_21.745.fits,346,58262.569001684,EDIBLES_raw_all/UVES.2018-05-24T13_39_21.745.fits
163,UVES.2018-06-03T13_11_54.052.fits,346,58272.549931163,EDIBLES_raw_all/UVES.2018-06-03T13_11_54.052.fits
164,UVES.2018-06-03T13_14_52.759.fits,346,58272.551999515,EDIBLES_raw_all/UVES.2018-06-03T13_14_52.759.fits
165,UVES.2018-06-19T15_55_37.860.fits,346,58288.663632638,EDIBLES_raw_all/UVES.2018-06-19T15_55_37.860.fits
166,UVES.2018-06-20T13_18_55.662.fits,346,58289.554810899,EDIBLES_raw_all/UVES.2018-06-20T13_18_55.662.fits
167,UVES.2018-06-23T13_15_01.638.fits,346,58292.552102291,EDIBLES_raw_all/UVES.2018-06-23T13_15_01.638.fits
168,UVES.2018-06-27T13_12_09.976.fits,346,58296.550115461,EDIBLES_raw_all/UVES.2018-06-27T13_12_09.976.fits
169,UVES.2018-06-30T11_07_15.821.fits,346,58299.463377558,EDIBLES_raw_all/UVES.2018-06-30T11_07_15.821.fits
170,UVES.2018-06-30T11_10_14.526.fits,346,58299.465445904,EDIBLES_raw_all/UVES.2018-06-30T11_10_14.526.fits
171,UVES.2018-07-11T13_10_29.643.fits,346,58310.548954198,EDIBLES_raw_all/UVES.2018-07-11T13_10_29.643.fits
172,UVES.2018-07-15T13_04_26.373.fits,346,58314.544749694,EDIBLES_raw_all/UVES.2018-07-15T13_04_26.373.fits
173,UVES.2018-07-31T13_50_23.243.fits,346,58330.576657904,EDIBLES_raw_all/UVES.2018-07-31T13_50_23.243.fits
174,UVES.2018-08-01T11_43_06.455.fits,346,58331.488269148,EDIBLES_raw_all/UVES.2018-08-01T11_43_06.455.fits
175,UVES.2018-08-08T12_55_50.195.fits,346,58338.538775404,EDIBLES_raw_all/UVES.2018-08-08T12_55_50.195.fits
176,UVES.2018-08-09T13_11_43.256.fits,346,58339.549806202,EDIBLES_raw_all/UVES.2018-08-09T13_11_43.256.fits
177,UVES.2018-09-01T13_12_17.277.fits,346,58362.550199966,EDIBLES_raw_all/UVES.2018-09-01T13_12_17.277.fits
178,UVES.2018-09-02T13_43_35.422.fits,346,58363.57193775,EDIBLES_raw_all/UVES.2018-09-02T13_43_35.422.fits
179,UVES.2018-09-05T12_39_53.923.fits,346,58366.52770744,EDIBLES_raw_all/UVES.2018-09-05T12_39_53.923.fits
180,UVES.2018-09-07T12_45_47.275.fits,346,58368.531797157,EDIBLES_raw_all/UVES.2018-09-07T12_45_47.275.fits
181,UVES.2018-09-10T11_24_29.238.fits,346,58371.475338398,EDIBLES_raw_all/UVES.2018-09-10T11_24_29.238.fits
182,UVES.2018-09-11T14_18_00.012.fits,346,58372.595833473,EDIBLES_raw_all/UVES.2018-09-11T14_18_00.012.fits
183,UVES.2018-09-12T14_14_48.543.fits,346,58373.593617397,EDIBLES_raw_all/UVES.2018-09-12T14_14_48.543.fits
184,UVES.2018-10-06T11_11_50.000.fits,346,58397.466550927,EDIBLES_raw_all/UVES.2018-10-06T11_11_50.000.fits
185,UVES.2018-10-10T12_08_55.137.fits,346,58401.50619372,EDIBLES_raw_all/UVES.2018-10-10T12_08_55.137.fits
186,UVES.2018-12-19T11_53_29.538.fits,346,58471.495480755,calib_raw/UVES.2018-12-19T11_53_29.538.fits
187,UVES.2018-12-19T13_31_48.120.fits,346,58471.563751386,calib_raw/UVES.2018-12-19T13_31_48.120.fits
188,UVES.2018-12-27T12_02_27.911.fits,346,58479.501711929,calib_raw/UVES.2018-12-27T12_02_27.911.fits
189,UVES.2019-01-01T11_37_49.617.fits,346,58484.484602054,calib_raw/UVES.2019-01-01T11_37_49.617.fits
190,UVES.2019-01-01T11_37_49.617.fits,346,58484.484602054,EDIBLES_raw_all/UVES.2019-01-01T11_37_49.617.fits
191,UVES.2019-01-05T10_17_56.879.fits,346,58488.429130536,EDIBLES_raw_all/UVES.2019-01-05T10_17_56.879.fits
192,UVES.2019-01-30T10_56_57.099.fits,346,58513.456216416,EDIBLES_raw_all/UVES.2019-01-30T10_56_57.099.fits
193,UVES.2019-02-03T16_04_48.061.fits,346,58517.670000706,EDIBLES_raw_all/UVES.2019-02-03T16_04_48.061.fits
194,UVES.2019-02-12T12_24_47.341.fits,346,58526.517214596,EDIBLES_raw_all/UVES.2019-02-12T12_24_47.341.fits
195,UVES.2019-02-13T13_05_41.578.fits,346,58527.545620106,EDIBLES_raw_all/UVES.2019-02-13T13_05_41.578.fits
196,UVES.2014-09-10T12_10_38.753.fits,437,56910.507392972,EDIBLES_raw_all/UVES.2014-09-10T12_10_38.753.fits
197,UVES.2014-09-15T11_47_01.453.fits,437,56915.490989035,EDIBLES_raw_all/UVES.2014-09-15T11_47_01.453.fits
198,UVES.2014-09-17T10_24_22.161.fits,437,56917.433589826,EDIBLES_raw_all/UVES.2014-09-17T10_24_22.161.fits
199,UVES.2014-09-19T10_02_13.536.fits,437,56919.418212215,EDIBLES_raw_all/UVES.2014-09-19T10_02_13.536.fits
200,UVES.2014-09-22T11_01_39.139.fits,437,56922.459480778,EDIBLES_raw_all/UVES.2014-09-22T11_01_39.139.fits
201,UVES.2014-09-24T11_55_43.954.fits,437,56924.497036511,EDIBLES_raw_all/UVES.2014-09-24T11_55_43.954.fits
202,UVES.2014-09-25T11_41_45.401.fits,437,56925.487331026,EDIBLES_raw_all/UVES.2014-09-25T11_41_45.401.fits
203,UVES.2014-09-27T10_07_39.717.fits,437,56927.421987461,EDIBLES_raw_all/UVES.2014-09-27T10_07_39.717.fits
204,UVES.2014-09-27T11_47_44.012.fits,437,56927.491481616,EDIBLES_raw_all/UVES.2014-09-27T11_47_44.012.fits
205,UVES.2014-09-29T09_36_31.781.fits,437,56929.400367837,EDIBLES_raw_all/UVES.2014-09-29T09_36_31.781.fits
206,UVES.2014-10-01T11_16_54.038.fits,437,56931.470069889,EDIBLES_raw_all/UVES.2014-10-01T11_16_54.038.fits
207,UVES.2014-10-02T11_45_36.202.fits,437,56932.490002343,EDIBLES_raw_all/UVES.2014-10-02T11_45_36.202.fits
208,UVES.2014-10-06T12_22_58.648.fits,437,56936.515956568,EDIBLES_raw_all/UVES.2014-10-06T12_22_58.648.fits
209,UVES.2014-10-08T11_28_57.903.fits,437,56938.478447955,EDIBLES_raw_all/UVES.2014-10-08T11_28_57.903.fits
210,UVES.2014-10-10T11_06_49.923.fits,437,56940.463077812,EDIBLES_raw_all/UVES.2014-10-10T11_06_49.923.fits
211,UVES.2014-10-15T11_44_19.498.fits,437,56945.489114556,EDIBLES_raw_all/UVES.2014-10-15T11_44_19.498.fits
212,UVES.2014-10-28T10_06_37.820.fits,437,56958.421271065,EDIBLES_raw_all/UVES.2014-10-28T10_06_37.820.fits
213,UVES.2014-10-29T09_35_25.712.fits,437,56959.39960315,EDIBLES_raw_all/UVES.2014-10-29T09_35_25.712.fits
214,UVES.2014-10-29T11_28_31.214.fits,437,56959.478139051,EDIBLES_raw_all/UVES.2014-10-29T11_28_31.214.fits
215,UVES.2014-11-16T10_09_13.176.fits,437,56977.42306917,EDIBLES_raw_all/UVES.2014-11-16T10_09_13.176.fits
216,UVES.2014-11-19T10_27_03.693.fits,437,56980.435459412,EDIBLES_raw_all/UVES.2014-11-19T10_27_03.693.fits
217,UVES.2014-12-09T09_51_53.993.fits,437,57000.41104158,EDIBLES_raw_all/UVES.2014-12-09T09_51_53.993.fits
218,UVES.2014-12-10T09_31_10.690.fits,437,57001.396651499,EDIBLES_raw_all/UVES.2014-12-10T09_31_10.690.fits
219,UVES.2014-12-14T11_18_52.089.fits,437,57005.471436221,EDIBLES_raw_all/UVES.2014-12-14T11_18_52.089.fits
220,UVES.2014-12-17T10_32_10.787.fits,437,57008.439013737,EDIBLES_raw_all/UVES.2014-12-17T10_32_10.787.fits
221,UVES.2014-12-21T10_27_45.222.fits,437,57012.435940066,EDIBLES_raw_all/UVES.2014-12-21T10_27_45.222.fits
222,UVES.2014-12-24T12_17_03.777.fits,437,57015.511849268,EDIBLES_raw_all/UVES.2014-12-24T12_17_03.777.fits
223,UVES.2015-01-28T10_18_33.193.fits,437,57050.429550843,EDIBLES_raw_all/UVES.2015-01-28T10_18_33.193.fits
224,UVES.2015-01-30T06_45_58.621.fits,437,57052.281928482,EDIBLES_raw_all/UVES.2015-01-30T06_45_58.621.fits
225,UVES.2015-02-12T12_06_04.629.fits,437,57065.504220236,EDIBLES_raw_all/UVES.2015-02-12T12_06_04.629.fits
226,UVES.2015-02-18T11_22_09.873.fits,437,57071.473725383,EDIBLES_raw_all/UVES.2015-02-18T11_22_09.873.fits
227,UVES.2015-02-19T10_01_15.092.fits,437,57072.417535794,EDIBLES_raw_all/UVES.2015-02-19T10_01_15.092.fits
228,UVES.2015-02-25T11_14_14.832.fits,437,57078.468227224,EDIBLES_raw_all/UVES.2015-02-25T11_14_14.832.fits
229,UVES.2015-02-27T10_59_51.595.fits,437,57080.458236053,EDIBLES_raw_all/UVES.2015-02-27T10_59_51.595.fits
230,UVES.2015-03-18T10_09_36.547.fits,437,57099.423339667,EDIBLES_raw_all/UVES.2015-03-18T10_09_36.547.fits
231,UVES.2015-03-18T12_03_20.484.fits,437,57099.502320421,EDIBLES_raw_all/UVES.2015-03-18T12_03_20.484.fits
232,UVES.2015-04-13T12_16_10.948.fits,437,57125.511237816,calib_raw/UVES.2015-04-13T12_16_10.948.fits
233,UVES.2015-04-13T13_45_38.088.fits,437,57125.573357496,calib_raw/UVES.2015-04-13T13_45_38.088.fits
234,UVES.2015-04-16T11_34_25.022.fits,437,57128.482234053,calib_raw/UVES.2015-04-16T11_34_25.022.fits
235,UVES.2015-04-30T11_38_34.182.fits,437,57142.485117851,calib_raw/UVES.2015-04-30T11_38_34.182.fits
236,UVES.2015-05-15T12_54_25.250.fits,437,57157.537792238,calib_raw/UVES.2015-05-15T12_54_25.250.fits
237,UVES.2015-05-18T12_24_18.353.fits,437,57160.516879092,calib_raw/UVES.2015-05-18T12_24_18.353.fits
238,UVES.2015-05-24T12_16_04.735.fits,437,57166.511165918,calib_raw/UVES.2015-05-24T12_16_04.735.fits
239,UVES.2015-05-28T12_05_39.357.fits,437,57170.503927743,EDIBLES_raw_all/UVES.2015-05-28T12_05_39.357.fits
240,UVES.2015-05-30T11_48_59.824.fits,437,57172.492359073,calib_raw/UVES.2015-05-30T11_48_59.824.fits
241,UVES.2015-05-30T11_48_59.824.fits,437,57172.492359073,EDIBLES_raw_all/UVES.2015-05-30T11_48_59.824.fits
242,UVES.2015-06-02T14_55_31.903.fits,437,57175.621897022,calib_raw/UVES.2015-06-02T14_55_31.903.fits
243,UVES.2015-06-12T12_33_54.377.fits,437,57185.523546027,calib_raw/UVES.2015-06-12T12_33_54.377.fits
244,UVES.2015-06-19T11_53_01.586.fits,437,57192.495157255,calib_raw/UVES.2015-06-19T11_53_01.586.fits
245,UVES.2015-06-19T13_18_23.261.fits,437,57192.554435886,calib_raw/UVES.2015-06-19T13_18_23.261.fits
246,UVES.2015-06-25T12_51_24.374.fits,437,57198.535698775,calib_raw/UVES.2015-06-25T12_51_24.374.fits
247,UVES.2015-06-25T13_59_27.186.fits,437,57198.582953537,calib_raw/UVES.2015-06-25T13_59_27.186.fits
248,UVES.2015-06-25T13_59_27.186.fits,437,57198.582953537,EDIBLES_raw_all/UVES.2015-06-25T13_59_27.186.fits
249,UVES.2015-06-28T10_34_45.940.fits,437,57201.440809492,EDIBLES_raw_all/UVES.2015-06-28T10_34_45.940.fits
250,UVES.2015-07-01T11_43_21.261.fits,437,57204.488440517,calib_raw/UVES.2015-07-01T11_43_21.261.fits
251,UVES.2015-07-01T11_43_21.261.fits,437,57204.488440517,EDIBLES_raw_all/UVES.2015-07-01T11_43_21.261.fits
252,UVES.2015-07-02T18_34_25.039.fits,437,57205.773900924,EDIBLES_raw_all/UVES.2015-07-02T18_34_25.039.fits
253,UVES.2015-07-13T12_26_10.128.fits,437,57216.518172775,calib_raw/UVES.2015-07-13T12_26_10.128.fits
254,UVES.2015-07-16T12_26_03.903.fits,437,57219.51810073,EDIBLES_raw_all/UVES.2015-07-16T12_26_03.903.fits
255,UVES.2015-07-17T12_18_56.261.fits,437,57220.513151166,calib_raw/UVES.2015-07-17T12_18_56.261.fits
256,UVES.2015-07-20T12_52_03.088.fits,437,57223.536146852,calib_raw/UVES.2015-07-20T12_52_03.088.fits
257,UVES.2015-07-20T12_52_03.088.fits,437,57223.536146852,EDIBLES_raw_all/UVES.2015-07-20T12_52_03.088.fits
258,UVES.2015-07-23T12_50_49.974.fits,437,57226.535300617,EDIBLES_raw_all/UVES.2015-07-23T12_50_49.974.fits
259,UVES.2015-08-21T13_32_00.234.fits,437,57255.563891602,calib_raw/UVES.2015-08-21T13_32_00.234.fits
260,UVES.2015-08-21T13_32_00.234.fits,437,57255.563891602,EDIBLES_raw_all/UVES.2015-08-21T13_32_00.234.fits
261,UVES.2015-08-23T12_29_46.868.fits,437,57257.520681335,EDIBLES_raw_all/UVES.2015-08-23T12_29_46.868.fits
262,UVES.2015-09-07T11_31_04.477.fits,437,57272.47991293,calib_raw/UVES.2015-09-07T11_31_04.477.fits
263,UVES.2015-09-07T11_31_04.477.fits,437,57272.47991293,EDIBLES_raw_all/UVES.2015-09-07T11_31_04.477.fits
264,UVES.2015-09-12T11_10_05.057.fits,437,57277.465336306,calib_raw/UVES.2015-09-12T11_10_05.057.fits
265,UVES.2015-09-12T11_10_05.057.fits,437,57277.465336306,EDIBLES_raw_all/UVES.2015-09-12T11_10_05.057.fits
266,UVES.2015-09-13T13_17_05.184.fits,437,57278.553532215,EDIBLES_raw_all/UVES.2015-09-13T13_17_05.184.fits
267,UVES.2015-09-27T11_02_57.839.fits,437,57292.460391653,EDIBLES_raw_all/UVES.2015-09-27T11_02_57.839.fits
268,UVES.2015-09-27T13_14_14.253.fits,437,57292.551553852,EDIBLES_raw_all/UVES.2015-09-27T13_14_14.253.fits
269,UVES.2015-09-30T11_41_26.442.fits,437,57295.487111602,EDIBLES_raw_all/UVES.2015-09-30T11_41_26.442.fits
270,UVES.2015-10-04T11_16_27.851.fits,437,57299.469766791,EDIBLES_raw_all/UVES.2015-10-04T11_16_27.851.fits
271,UVES.2015-11-20T10_14_52.045.fits,437,57346.426991256,EDIBLES_raw_all/UVES.2015-11-20T10_14_52.045.fits
272,UVES.2015-11-30T10_39_34.826.fits,437,57356.444153082,calib_raw/UVES.2015-11-30T10_39_34.826.fits
273,UVES.2015-12-01T10_17_38.048.fits,437,57357.428912594,calib_raw/UVES.2015-12-01T10_17_38.048.fits
274,UVES.2015-12-14T10_32_38.852.fits,437,57370.439338565,calib_raw/UVES.2015-12-14T10_32_38.852.fits
275,UVES.2015-12-21T10_32_47.092.fits,437,57377.439433929,calib_raw/UVES.2015-12-21T10_32_47.092.fits
276,UVES.2015-12-21T12_41_32.669.fits,437,57377.52885034,calib_raw/UVES.2015-12-21T12_41_32.669.fits
277,UVES.2015-12-26T15_18_25.364.fits,437,57382.637793571,calib_raw/UVES.2015-12-26T15_18_25.364.fits
278,UVES.2015-12-28T11_00_47.324.fits,437,57384.458881059,calib_raw/UVES.2015-12-28T11_00_47.324.fits
279,UVES.2016-01-04T10_54_48.000.fits,437,57391.454722222,calib_raw/UVES.2016-01-04T10_54_48.000.fits
280,UVES.2016-01-10T10_18_53.781.fits,437,57397.429789128,calib_raw/UVES.2016-01-10T10_18_53.781.fits
281,UVES.2016-01-11T10_28_14.675.fits,437,57398.436280965,calib_raw/UVES.2016-01-11T10_28_14.675.fits
282,UVES.2016-01-13T08_43_57.408.fits,437,57400.363858895,calib_raw/UVES.2016-01-13T08_43_57.408.fits
283,UVES.2016-01-18T11_31_36.461.fits,437,57405.480283109,calib_raw/UVES.2016-01-18T11_31_36.461.fits
284,UVES.2016-01-25T11_42_20.435.fits,437,57412.487736518,calib_raw/UVES.2016-01-25T11_42_20.435.fits
285,UVES.2016-01-31T10_22_07.715.fits,437,57418.432033743,calib_raw/UVES.2016-01-31T10_22_07.715.fits
286,UVES.2016-02-01T12_05_21.426.fits,437,57419.503720212,calib_raw/UVES.2016-02-01T12_05_21.426.fits
287,UVES.2016-02-08T12_03_16.674.fits,437,57426.50227632,calib_raw/UVES.2016-02-08T12_03_16.674.fits
288,UVES.2016-02-09T10_48_34.859.fits,437,57427.45040346,calib_raw/UVES.2016-02-09T10_48_34.859.fits
289,UVES.2016-02-15T11_41_22.900.fits,437,57433.487070604,calib_raw/UVES.2016-02-15T11_41_22.900.fits
290,UVES.2016-02-17T11_04_23.181.fits,437,57435.461379412,calib_raw/UVES.2016-02-17T11_04_23.181.fits
291,UVES.2016-02-21T11_57_00.705.fits,437,57439.497924831,calib_raw/UVES.2016-02-21T11_57_00.705.fits
292,UVES.2016-02-21T11_57_00.705.fits,437,57439.497924831,EDIBLES_raw_all/UVES.2016-02-21T11_57_00.705.fits
293,UVES.2016-02-22T11_29_42.870.fits,437,57440.4789684,calib_raw/UVES.2016-02-22T11_29_42.870.fits
294,UVES.2016-02-22T11_29_42.870.fits,437,57440.4789684,EDIBLES_raw_all/UVES.2016-02-22T11_29_42.870.fits
295,UVES.2016-02-24T09_55_12.381.fits,437,57442.413337738,calib_raw/UVES.2016-02-24T09_55_12.381.fits
296,UVES.2016-02-29T11_59_24.137.fits,437,57447.499584915,calib_raw/UVES.2016-02-29T11_59_24.137.fits
297,UVES.2016-03-02T10_50_30.457.fits,437,57449.451741405,calib_raw/UVES.2016-03-02T10_50_30.457.fits
298,UVES.2016-03-02T18_43_09.405.fits,437,57449.779969962,calib_raw/UVES.2016-03-02T18_43_09.405.fits
299,UVES.2016-03-17T11_09_01.857.fits,437,57464.464604835,EDIBLES_raw_all/UVES.2016-03-17T11_09_01.857.fits
300,UVES.2016-03-20T11_18_12.744.fits,437,57467.470980827,EDIBLES_raw_all/UVES.2016-03-20T11_18_12.744.fits
301,UVES.2016-03-21T11_44_02.004.fits,437,57468.488912083,EDIBLES_raw_all/UVES.2016-03-21T11_44_02.004.fits
302,UVES.2016-03-23T12_27_35.184.fits,437,57470.519157224,EDIBLES_raw_all/UVES.2016-03-23T12_27_35.184.fits
303,UVES.2016-03-29T11_17_43.947.fits,437,57476.470647536,EDIBLES_raw_all/UVES.2016-03-29T11_17_43.947.fits
304,UVES.2016-04-04T11_49_38.647.fits,437,57482.49280841,EDIBLES_raw_all/UVES.2016-04-04T11_49_38.647.fits
305,UVES.2016-04-11T10_30_40.598.fits,437,57489.437969876,EDIBLES_raw_all/UVES.2016-04-11T10_30_40.598.fits
306,UVES.2016-04-11T12_07_56.119.fits,437,57489.505510638,EDIBLES_raw_all/UVES.2016-04-11T12_07_56.119.fits
307,UVES.2016-04-19T12_06_41.811.fits,437,57497.504650588,EDIBLES_raw_all/UVES.2016-04-19T12_06_41.811.fits
308,UVES.2016-04-25T12_09_22.530.fits,437,57503.506510755,EDIBLES_raw_all/UVES.2016-04-25T12_09_22.530.fits
309,UVES.2016-05-05T10_24_03.694.fits,437,57513.43337609,EDIBLES_raw_all/UVES.2016-05-05T10_24_03.694.fits
310,UVES.2016-05-09T11_12_29.358.fits,437,57517.467006459,EDIBLES_raw_all/UVES.2016-05-09T11_12_29.358.fits
311,UVES.2016-05-10T10_39_27.740.fits,437,57518.44407107,EDIBLES_raw_all/UVES.2016-05-10T10_39_27.740.fits
312,UVES.2016-06-12T12_22_44.894.fits,437,57551.515797377,EDIBLES_raw_all/UVES.2016-06-12T12_22_44.894.fits
313,UVES.2016-06-13T12_44_24.559.fits,437,57552.530839798,EDIBLES_raw_all/UVES.2016-06-13T12_44_24.559.fits
314,UVES.2016-06-16T11_35_52.687.fits,437,57555.483248692,EDIBLES_raw_all/UVES.2016-06-16T11_35_52.687.fits
315,UVES.2016-06-24T10_26_21.786.fits,437,57563.434974378,EDIBLES_raw_all/UVES.2016-06-24T10_26_21.786.fits
316,UVES.2016-06-27T12_05_26.493.fits,437,57566.503778847,EDIBLES_raw_all/UVES.2016-06-27T12_05_26.493.fits
317,UVES.2016-06-28T13_07_38.030.fits,437,57567.546967943,EDIBLES_raw_all/UVES.2016-06-28T13_07_38.030.fits
318,UVES.2016-07-25T12_24_35.153.fits,437,57594.51707353,EDIBLES_raw_all/UVES.2016-07-25T12_24_35.153.fits
319,UVES.2016-07-26T12_32_00.024.fits,437,57595.522222499,EDIBLES_raw_all/UVES.2016-07-26T12_32_00.024.fits
320,UVES.2016-08-07T16_43_56.902.fits,437,57607.697186366,EDIBLES_raw_all/UVES.2016-08-07T16_43_56.902.fits
321,UVES.2016-08-08T12_42_12.336.fits,437,57608.529309454,EDIBLES_raw_all/UVES.2016-08-08T12_42_12.336.fits
322,UVES.2016-08-10T11_41_58.052.fits,437,57610.487477451,EDIBLES_raw_all/UVES.2016-08-10T11_41_58.052.fits
323,UVES.2016-08-13T12_11_52.249.fits,437,57613.508243618,EDIBLES_raw_all/UVES.2016-08-13T12_11_52.249.fits
324,UVES.2016-08-21T11_24_41.401.fits,437,57621.47547918,EDIBLES_raw_all/UVES.2016-08-21T11_24_41.401.fits
325,UVES.2016-08-22T12_45_04.389.fits,437,57622.531300803,EDIBLES_raw_all/UVES.2016-08-22T12_45_04.389.fits
326,UVES.2016-08-25T11_52_40.247.fits,437,57625.494910274,EDIBLES_raw_all/UVES.2016-08-25T11_52_40.247.fits
327,UVES.2016-08-29T11_49_07.583.fits,437,57629.492448883,EDIBLES_raw_all/UVES.2016-08-29T11_49_07.583.fits
328,UVES.2016-08-29T13_42_23.000.fits,437,57629.571099537,EDIBLES_raw_all/UVES.2016-08-29T13_42_23.000.fits
329,UVES.2016-09-05T12_03_07.994.fits,437,57636.502175858,EDIBLES_raw_all/UVES.2016-09-05T12_03_07.994.fits
330,UVES.2016-09-07T11_23_57.302.fits,437,57638.474968772,EDIBLES_raw_all/UVES.2016-09-07T11_23_57.302.fits
331,UVES.2016-09-10T11_52_20.138.fits,437,57641.494677517,EDIBLES_raw_all/UVES.2016-09-10T11_52_20.138.fits
332,UVES.2016-09-12T12_14_44.252.fits,437,57643.510234402,EDIBLES_raw_all/UVES.2016-09-12T12_14_44.252.fits
333,UVES.2016-09-13T11_26_20.494.fits,437,57644.476626086,EDIBLES_raw_all/UVES.2016-09-13T11_26_20.494.fits
334,UVES.2016-12-31T10_51_03.597.fits,437,57753.452124956,EDIBLES_raw_all/UVES.2016-12-31T10_51_03.597.fits
335,UVES.2017-01-01T10_59_46.069.fits,437,57754.458172099,EDIBLES_raw_all/UVES.2017-01-01T10_59_46.069.fits
336,UVES.2017-01-03T11_02_02.735.fits,437,57756.459753877,EDIBLES_raw_all/UVES.2017-01-03T11_02_02.735.fits
337,UVES.2017-04-13T12_17_38.394.fits,437,57856.512249932,EDIBLES_raw_all/UVES.2017-04-13T12_17_38.394.fits
338,UVES.2017-04-14T12_33_53.548.fits,437,57857.523536437,EDIBLES_raw_all/UVES.2017-04-14T12_33_53.548.fits
339,UVES.2017-04-18T11_51_28.027.fits,437,57861.494074388,EDIBLES_raw_all/UVES.2017-04-18T11_51_28.027.fits
340,UVES.2017-04-22T12_40_40.708.fits,437,57865.52824894,EDIBLES_raw_all/UVES.2017-04-22T12_40_40.708.fits
341,UVES.2017-04-24T11_53_03.377.fits,437,57867.495177975,EDIBLES_raw_all/UVES.2017-04-24T11_53_03.377.fits
342,UVES.2017-04-25T11_10_10.300.fits,437,57868.465396993,EDIBLES_raw_all/UVES.2017-04-25T11_10_10.300.fits
343,UVES.2017-04-27T11_23_37.743.fits,437,57870.474742403,EDIBLES_raw_all/UVES.2017-04-27T11_23_37.743.fits
344,UVES.2017-04-28T11_58_08.591.fits,437,57871.498710539,EDIBLES_raw_all/UVES.2017-04-28T11_58_08.591.fits
345,UVES.2017-04-29T16_09_07.246.fits,437,57872.673000535,EDIBLES_raw_all/UVES.2017-04-29T16_09_07.246.fits
346,UVES.2017-04-30T11_39_47.957.fits,437,57873.485971719,EDIBLES_raw_all/UVES.2017-04-30T11_39_47.957.fits
347,UVES.2017-05-03T12_51_45.807.fits,437,57876.53594684,EDIBLES_raw_all/UVES.2017-05-03T12_51_45.807.fits
348,UVES.2017-05-03T12_54_38.241.fits,437,57876.537942599,EDIBLES_raw_all/UVES.2017-05-03T12_54_38.241.fits
349,UVES.2017-05-05T12_24_20.374.fits,437,57878.516902485,EDIBLES_raw_all/UVES.2017-05-05T12_24_20.374.fits
350,UVES.2017-05-06T10_25_05.153.fits,437,57879.434087421,EDIBLES_raw_all/UVES.2017-05-06T10_25_05.153.fits
351,UVES.2017-05-07T10_16_35.100.fits,437,57880.428184032,EDIBLES_raw_all/UVES.2017-05-07T10_16_35.100.fits
352,UVES.2017-05-09T12_12_22.105.fits,437,57882.508589178,EDIBLES_raw_all/UVES.2017-05-09T12_12_22.105.fits
353,UVES.2017-05-12T16_28_22.907.fits,437,57885.686376238,EDIBLES_raw_all/UVES.2017-05-12T16_28_22.907.fits
354,UVES.2017-05-15T14_58_18.793.fits,437,57888.623828616,EDIBLES_raw_all/UVES.2017-05-15T14_58_18.793.fits
355,UVES.2017-05-16T11_56_38.398.fits,437,57889.49766664,EDIBLES_raw_all/UVES.2017-05-16T11_56_38.398.fits
356,UVES.2017-05-20T12_03_31.790.fits,437,57893.502451268,EDIBLES_raw_all/UVES.2017-05-20T12_03_31.790.fits
357,UVES.2017-06-15T12_16_18.420.fits,437,57919.511324305,EDIBLES_raw_all/UVES.2017-06-15T12_16_18.420.fits
358,UVES.2017-06-16T12_19_14.614.fits,437,57920.513363588,EDIBLES_raw_all/UVES.2017-06-16T12_19_14.614.fits
359,UVES.2017-06-20T12_06_23.199.fits,437,57924.504435173,EDIBLES_raw_all/UVES.2017-06-20T12_06_23.199.fits
360,UVES.2017-06-21T12_43_47.262.fits,437,57925.530408115,EDIBLES_raw_all/UVES.2017-06-21T12_43_47.262.fits
361,UVES.2017-06-23T12_30_21.376.fits,437,57927.521080743,EDIBLES_raw_all/UVES.2017-06-23T12_30_21.376.fits
362,UVES.2017-07-05T12_18_46.513.fits,437,57939.513038341,EDIBLES_raw_all/UVES.2017-07-05T12_18_46.513.fits
363,UVES.2017-07-28T12_05_06.709.fits,437,57962.503549871,EDIBLES_raw_all/UVES.2017-07-28T12_05_06.709.fits
364,UVES.2017-07-28T13_39_57.628.fits,437,57962.569416987,EDIBLES_raw_all/UVES.2017-07-28T13_39_57.628.fits
365,UVES.2017-08-21T11_52_48.784.fits,437,57986.495009071,EDIBLES_raw_all/UVES.2017-08-21T11_52_48.784.fits
366,UVES.2017-08-24T11_44_40.933.fits,437,57989.489362651,EDIBLES_raw_all/UVES.2017-08-24T11_44_40.933.fits
367,UVES.2017-08-24T11_48_38.911.fits,437,57989.492117026,EDIBLES_raw_all/UVES.2017-08-24T11_48_38.911.fits
368,UVES.2017-09-05T11_42_41.030.fits,437,58001.487974888,EDIBLES_raw_all/UVES.2017-09-05T11_42_41.030.fits
369,UVES.2017-09-05T11_45_13.863.fits,437,58001.489743777,EDIBLES_raw_all/UVES.2017-09-05T11_45_13.863.fits
370,UVES.2017-09-08T12_08_55.062.fits,437,58004.506192845,EDIBLES_raw_all/UVES.2017-09-08T12_08_55.062.fits
371,UVES.2017-09-15T14_13_10.587.fits,437,58011.592483649,EDIBLES_raw_all/UVES.2017-09-15T14_13_10.587.fits
372,UVES.2017-09-18T09_57_18.125.fits,437,58014.414793108,EDIBLES_raw_all/UVES.2017-09-18T09_57_18.125.fits
373,UVES.2017-09-23T11_39_32.544.fits,437,58019.485793334,EDIBLES_raw_all/UVES.2017-09-23T11_39_32.544.fits
374,UVES.2017-09-26T11_16_44.769.fits,437,58022.469962604,EDIBLES_raw_all/UVES.2017-09-26T11_16_44.769.fits
375,UVES.2017-09-26T11_19_18.141.fits,437,58022.471737745,EDIBLES_raw_all/UVES.2017-09-26T11_19_18.141.fits
376,UVES.2017-10-02T11_01_29.124.fits,437,58028.459364861,EDIBLES_raw_all/UVES.2017-10-02T11_01_29.124.fits
377,UVES.2017-10-02T11_03_53.405.fits,437,58028.461034777,EDIBLES_raw_all/UVES.2017-10-02T11_03_53.405.fits
378,UVES.2017-10-05T11_27_39.477.fits,437,58031.477540244,EDIBLES_raw_all/UVES.2017-10-05T11_27_39.477.fits
379,UVES.2017-10-05T11_30_11.638.fits,437,58031.479301374,EDIBLES_raw_all/UVES.2017-10-05T11_30_11.638.fits
380,UVES.2017-10-17T10_26_29.280.fits,437,58043.435061113,EDIBLES_raw_all/UVES.2017-10-17T10_26_29.280.fits
381,UVES.2017-10-18T10_54_57.791.fits,437,58044.454835538,EDIBLES_raw_all/UVES.2017-10-18T10_54_57.791.fits
382,UVES.2017-10-20T15_09_42.727.fits,437,58046.631744526,EDIBLES_raw_all/UVES.2017-10-20T15_09_42.727.fits
383,UVES.2018-01-14T10_52_33.613.fits,437,58132.453166825,EDIBLES_raw_all/UVES.2018-01-14T10_52_33.613.fits
384,UVES.2018-01-16T13_49_53.546.fits,437,58134.576314187,EDIBLES_raw_all/UVES.2018-01-16T13_49_53.546.fits
385,UVES.2018-01-19T12_56_24.558.fits,437,58137.539173129,EDIBLES_raw_all/UVES.2018-01-19T12_56_24.558.fits
386,UVES.2018-01-19T12_59_17.463.fits,437,58137.541174343,EDIBLES_raw_all/UVES.2018-01-19T12_59_17.463.fits
387,UVES.2018-02-01T10_31_31.904.fits,437,58150.438563699,EDIBLES_raw_all/UVES.2018-02-01T10_31_31.904.fits
388,UVES.2018-02-01T10_33_54.606.fits,437,58150.44021535,EDIBLES_raw_all/UVES.2018-02-01T10_33_54.606.fits
389,UVES.2018-02-11T11_05_59.294.fits,437,58160.462491826,EDIBLES_raw_all/UVES.2018-02-11T11_05_59.294.fits
390,UVES.2018-02-11T13_36_04.141.fits,437,58160.566714589,EDIBLES_raw_all/UVES.2018-02-11T13_36_04.141.fits
391,UVES.2018-02-14T12_50_52.039.fits,437,58163.535324517,EDIBLES_raw_all/UVES.2018-02-14T12_50_52.039.fits
392,UVES.2018-02-14T12_53_16.942.fits,437,58163.53700164,EDIBLES_raw_all/UVES.2018-02-14T12_53_16.942.fits
393,UVES.2018-02-18T12_20_32.557.fits,437,58167.514265715,EDIBLES_raw_all/UVES.2018-02-18T12_20_32.557.fits
394,UVES.2018-03-17T11_31_17.943.fits,437,58194.480068775,EDIBLES_raw_all/UVES.2018-03-17T11_31_17.943.fits
395,UVES.2018-03-18T11_33_59.502.fits,437,58195.481938682,EDIBLES_raw_all/UVES.2018-03-18T11_33_59.502.fits
396,UVES.2018-03-18T13_13_04.381.fits,437,58195.550745146,EDIBLES_raw_all/UVES.2018-03-18T13_13_04.381.fits
397,UVES.2018-06-19T10_41_16.891.fits,437,58288.44533439,EDIBLES_raw_all/UVES.2018-06-19T10_41_16.891.fits
398,UVES.2018-06-27T12_10_23.032.fits,437,58296.507211025,EDIBLES_raw_all/UVES.2018-06-27T12_10_23.032.fits
399,UVES.2018-06-29T11_49_42.230.fits,437,58298.492849881,EDIBLES_raw_all/UVES.2018-06-29T11_49_42.230.fits
400,UVES.2018-07-13T11_09_32.415.fits,437,58312.464958514,EDIBLES_raw_all/UVES.2018-07-13T11_09_32.415.fits
401,UVES.2018-07-17T11_48_02.441.fits,437,58316.491694919,EDIBLES_raw_all/UVES.2018-07-17T11_48_02.441.fits
402,UVES.2018-07-18T12_42_07.074.fits,437,58317.529248541,EDIBLES_raw_all/UVES.2018-07-18T12_42_07.074.fits
403,UVES.2018-07-21T11_46_10.564.fits,437,58320.490400046,EDIBLES_raw_all/UVES.2018-07-21T11_46_10.564.fits
404,UVES.2018-07-31T12_04_28.211.fits,437,58330.503104295,EDIBLES_raw_all/UVES.2018-07-31T12_04_28.211.fits
405,UVES.2018-08-01T10_42_11.724.fits,437,58331.445969035,EDIBLES_raw_all/UVES.2018-08-01T10_42_11.724.fits
406,UVES.2018-08-24T11_45_25.025.fits,437,58354.489872975,EDIBLES_raw_all/UVES.2018-08-24T11_45_25.025.fits
407,UVES.2018-08-24T11_47_58.589.fits,437,58354.491650328,EDIBLES_raw_all/UVES.2018-08-24T11_47_58.589.fits
408,UVES.2018-08-28T11_00_59.124.fits,437,58358.459017639,EDIBLES_raw_all/UVES.2018-08-28T11_00_59.124.fits
409,UVES.2018-09-02T11_25_04.003.fits,437,58363.475740768,EDIBLES_raw_all/UVES.2018-09-02T11_25_04.003.fits
410,UVES.2018-09-05T11_38_59.860.fits,437,58366.485415053,EDIBLES_raw_all/UVES.2018-09-05T11_38_59.860.fits
411,UVES.2018-09-07T11_36_55.103.fits,437,58368.483971099,EDIBLES_raw_all/UVES.2018-09-07T11_36_55.103.fits
412,UVES.2018-09-11T11_26_54.025.fits,437,58372.47701418,EDIBLES_raw_all/UVES.2018-09-11T11_26_54.025.fits
413,UVES.2018-09-12T12_33_39.781.fits,437,58373.523377101,EDIBLES_raw_all/UVES.2018-09-12T12_33_39.781.fits
414,UVES.2018-09-28T10_36_29.959.fits,437,58389.442013424,EDIBLES_raw_all/UVES.2018-09-28T10_36_29.959.fits
415,UVES.2018-10-01T10_41_37.455.fits,437,58392.445572396,EDIBLES_raw_all/UVES.2018-10-01T10_41_37.455.fits
416,UVES.2018-10-06T10_04_18.618.fits,437,58397.419659933,EDIBLES_raw_all/UVES.2018-10-06T10_04_18.618.fits
417,UVES.2018-10-09T11_05_22.886.fits,437,58400.462070445,EDIBLES_raw_all/UVES.2018-10-09T11_05_22.886.fits
418,UVES.2018-12-19T10_52_13.092.fits,437,58471.4529293,calib_raw/UVES.2018-12-19T10_52_13.092.fits
419,UVES.2019-01-03T10_22_13.722.fits,437,58486.432103264,calib_raw/UVES.2019-01-03T10_22_13.722.fits
420,UVES.2019-01-03T10_22_13.722.fits,437,58486.432103264,EDIBLES_raw_all/UVES.2019-01-03T10_22_13.722.fits
421,UVES.2019-01-06T11_32_22.629.fits,437,58489.480817467,EDIBLES_raw_all/UVES.2019-01-06T11_32_22.629.fits
422,UVES.2019-01-30T09_55_44.963.fits,437,58513.413714853,EDIBLES_raw_all/UVES.2019-01-30T09_55_44.963.fits
423,UVES.2019-02-03T12_35_28.135.fits,437,58517.52463119,calib_raw/UVES.2019-02-03T12_35_28.135.fits
424,UVES.2019-02-03T12_35_28.135.fits,437,58517.52463119,EDIBLES_raw_all/UVES.2019-02-03T12_35_28.135.fits
425,UVES.2019-02-13T12_04_43.171.fits,437,58527.503277437,EDIBLES_raw_all/UVES.2019-02-13T12_04_43.171.fits
426,UVES.2019-03-25T11_38_18.169.fits,437,58567.484932512,calib_raw/UVES.2019-03-25T11_38_18.169.fits
427,UVES.2019-03-25T11_38_18.169.fits,437,58567.484932512,EDIBLES_raw_all/UVES.2019-03-25T11_38_18.169.fits
428,UVES.2019-03-27T11_36_35.489.fits,437,58569.483744085,EDIBLES_raw_all/UVES.2019-03-27T11_36_35.489.fits
429,UVES.2019-04-20T12_21_32.782.fits,437,58593.514962762,calib_raw/UVES.2019-04-20T12_21_32.782.fits
430,UVES.2019-04-25T09_57_51.137.fits,437,58598.415175204,calib_raw/UVES.2019-04-25T09_57_51.137.fits
431,UVES.2019-05-06T11_59_17.190.fits,437,58609.499504515,calib_raw/UVES.2019-05-06T11_59_17.190.fits
432,UVES.2019-05-22T12_55_27.091.fits,437,58625.538508,calib_raw/UVES.2019-05-22T12_55_27.091.fits
433,UVES.2019-06-08T11_47_00.113.fits,437,58642.490973527,calib_raw/UVES.2019-06-08T11_47_00.113.fits
434,UVES.2019-07-03T12_22_41.744.fits,437,58667.515760926,calib_raw/UVES.2019-07-03T12_22_41.744.fits
435,UVES.2019-07-06T11_25_41.028.fits,437,58670.476169308,calib_raw/UVES.2019-07-06T11_25_41.028.fits
436,UVES.2019-07-14T12_10_49.654.fits,437,58678.507519136,calib_raw/UVES.2019-07-14T12_10_49.654.fits
437,UVES.2019-07-28T12_01_22.132.fits,437,58692.500950595,calib_raw/UVES.2019-07-28T12_01_22.132.fits
438,UVES.2019-08-14T11_48_15.888.fits,437,58709.491850556,calib_raw/UVES.2019-08-14T11_48_15.888.fits
439,UVES.2019-10-02T16_10_12.943.fits,437,58758.673760917,calib_raw/UVES.2019-10-02T16_10_12.943.fits
440,UVES.2019-10-17T10_13_44.753.fits,437,58773.42621242,calib_raw/UVES.2019-10-17T10_13_44.753.fits
441,UVES.2019-11-03T10_26_21.549.fits,437,58790.434971632,calib_raw/UVES.2019-11-03T10_26_21.549.fits
442,UVES.2019-11-12T08_51_55.995.fits,437,58799.369398086,calib_raw/UVES.2019-11-12T08_51_55.995.fits
443,UVES.2014-09-14T09_23_23.895.fits,564,56914.391248793,EDIBLES_raw_all/UVES.2014-09-14T09_23_23.895.fits
444,UVES.2014-09-17T10_38_23.825.fits,564,56917.443331314,EDIBLES_raw_all/UVES.2014-09-17T10_38_23.825.fits
445,UVES.2014-09-20T11_44_57.533.fits,564,56920.489554781,EDIBLES_raw_all/UVES.2014-09-20T11_44_57.533.fits
446,UVES.2014-09-23T11_36_25.373.fits,564,56923.483627001,EDIBLES_raw_all/UVES.2014-09-23T11_36_25.373.fits
447,UVES.2014-09-24T12_15_52.608.fits,564,56924.511025561,EDIBLES_raw_all/UVES.2014-09-24T12_15_52.608.fits
448,UVES.2014-09-26T12_03_58.092.fits,564,56926.502755702,EDIBLES_raw_all/UVES.2014-09-26T12_03_58.092.fits
449,UVES.2014-09-27T10_20_27.760.fits,564,56927.430876849,EDIBLES_raw_all/UVES.2014-09-27T10_20_27.760.fits
450,UVES.2014-09-29T11_41_16.283.fits,564,56929.486994024,EDIBLES_raw_all/UVES.2014-09-29T11_41_16.283.fits
451,UVES.2014-10-01T11_30_35.371.fits,564,56931.479576048,EDIBLES_raw_all/UVES.2014-10-01T11_30_35.371.fits
452,UVES.2014-10-06T12_45_42.866.fits,564,56936.531746144,EDIBLES_raw_all/UVES.2014-10-06T12_45_42.866.fits
453,UVES.2014-10-08T11_42_36.934.fits,564,56938.487927483,EDIBLES_raw_all/UVES.2014-10-08T11_42_36.934.fits
454,UVES.2014-10-10T11_29_35.206.fits,564,56940.478879696,EDIBLES_raw_all/UVES.2014-10-10T11_29_35.206.fits
455,UVES.2014-10-13T10_59_55.857.fits,564,56943.458285376,EDIBLES_raw_all/UVES.2014-10-13T10_59_55.857.fits
456,UVES.2014-10-15T11_58_03.279.fits,564,56945.498649058,EDIBLES_raw_all/UVES.2014-10-15T11_58_03.279.fits
457,UVES.2014-10-29T11_42_15.771.fits,564,56959.487682536,EDIBLES_raw_all/UVES.2014-10-29T11_42_15.771.fits
458,UVES.2014-10-29T12_52_07.636.fits,564,56959.536199491,EDIBLES_raw_all/UVES.2014-10-29T12_52_07.636.fits
459,UVES.2014-11-04T10_41_28.325.fits,564,56965.445466721,EDIBLES_raw_all/UVES.2014-11-04T10_41_28.325.fits
460,UVES.2014-11-05T11_26_38.703.fits,564,56966.476836837,EDIBLES_raw_all/UVES.2014-11-05T11_26_38.703.fits
461,UVES.2014-11-19T10_40_48.473.fits,564,56980.445005476,EDIBLES_raw_all/UVES.2014-11-19T10_40_48.473.fits
462,UVES.2014-11-22T10_26_10.959.fits,564,56983.434849059,EDIBLES_raw_all/UVES.2014-11-22T10_26_10.959.fits
463,UVES.2014-12-10T09_44_55.137.fits,564,57001.406193707,EDIBLES_raw_all/UVES.2014-12-10T09_44_55.137.fits
464,UVES.2014-12-10T10_44_14.550.fits,564,57001.447390628,EDIBLES_raw_all/UVES.2014-12-10T10_44_14.550.fits
465,UVES.2014-12-14T11_50_08.841.fits,564,57005.49315788,EDIBLES_raw_all/UVES.2014-12-14T11_50_08.841.fits
466,UVES.2014-12-17T10_46_05.916.fits,564,57008.448679581,EDIBLES_raw_all/UVES.2014-12-17T10_46_05.916.fits
467,UVES.2014-12-21T11_59_58.232.fits,564,57012.499979544,EDIBLES_raw_all/UVES.2014-12-21T11_59_58.232.fits
468,UVES.2014-12-24T12_30_46.625.fits,564,57015.521372973,EDIBLES_raw_all/UVES.2014-12-24T12_30_46.625.fits
469,UVES.2015-01-07T11_17_18.729.fits,564,57029.470355658,EDIBLES_raw_all/UVES.2015-01-07T11_17_18.729.fits
470,UVES.2015-01-14T09_58_32.923.fits,564,57036.415658833,EDIBLES_raw_all/UVES.2015-01-14T09_58_32.923.fits
471,UVES.2015-01-14T11_03_30.111.fits,564,57036.460765174,EDIBLES_raw_all/UVES.2015-01-14T11_03_30.111.fits
472,UVES.2015-01-20T10_45_44.138.fits,564,57042.448427521,EDIBLES_raw_all/UVES.2015-01-20T10_45_44.138.fits
473,UVES.2015-01-28T10_32_16.091.fits,564,57050.439075134,EDIBLES_raw_all/UVES.2015-01-28T10_32_16.091.fits
474,UVES.2015-01-30T07_08_47.941.fits,564,57052.297777092,EDIBLES_raw_all/UVES.2015-01-30T07_08_47.941.fits
475,UVES.2015-02-12T12_28_58.738.fits,564,57065.520124277,EDIBLES_raw_all/UVES.2015-02-12T12_28_58.738.fits
476,UVES.2015-02-16T11_20_29.685.fits,564,57069.472565797,EDIBLES_raw_all/UVES.2015-02-16T11_20_29.685.fits
477,UVES.2015-02-18T11_35_52.882.fits,564,57071.483250953,EDIBLES_raw_all/UVES.2015-02-18T11_35_52.882.fits
478,UVES.2015-02-19T10_31_59.619.fits,564,57072.438884477,EDIBLES_raw_all/UVES.2015-02-19T10_31_59.619.fits
479,UVES.2015-02-25T11_27_57.458.fits,564,57078.477748362,EDIBLES_raw_all/UVES.2015-02-25T11_27_57.458.fits
480,UVES.2015-02-27T11_22_43.693.fits,564,57080.474116818,EDIBLES_raw_all/UVES.2015-02-27T11_22_43.693.fits
481,UVES.2015-04-20T12_20_15.801.fits,564,57132.514071774,EDIBLES_raw_all/UVES.2015-04-20T12_20_15.801.fits
482,UVES.2015-04-24T11_14_55.844.fits,564,57136.4687019,EDIBLES_raw_all/UVES.2015-04-24T11_14_55.844.fits
483,UVES.2015-05-28T12_19_20.753.fits,564,57170.513434638,EDIBLES_raw_all/UVES.2015-05-28T12_19_20.753.fits
484,UVES.2015-05-30T12_13_37.346.fits,564,57172.509460018,EDIBLES_raw_all/UVES.2015-05-30T12_13_37.346.fits
485,UVES.2015-06-03T11_58_01.138.fits,564,57176.498624278,EDIBLES_raw_all/UVES.2015-06-03T11_58_01.138.fits
486,UVES.2015-06-18T12_16_28.407.fits,564,57191.511439897,EDIBLES_raw_all/UVES.2015-06-18T12_16_28.407.fits
487,UVES.2015-06-18T13_46_56.102.fits,564,57191.574260443,EDIBLES_raw_all/UVES.2015-06-18T13_46_56.102.fits
488,UVES.2015-06-26T13_40_03.043.fits,564,57199.569479659,EDIBLES_raw_all/UVES.2015-06-26T13_40_03.043.fits
489,UVES.2015-06-30T12_56_31.523.fits,564,57203.539253741,EDIBLES_raw_all/UVES.2015-06-30T12_56_31.523.fits
490,UVES.2015-07-02T18_48_07.456.fits,564,57205.783419629,EDIBLES_raw_all/UVES.2015-07-02T18_48_07.456.fits
491,UVES.2015-07-03T12_00_46.274.fits,564,57206.500535579,EDIBLES_raw_all/UVES.2015-07-03T12_00_46.274.fits
492,UVES.2015-07-16T12_40_00.245.fits,564,57219.527780607,EDIBLES_raw_all/UVES.2015-07-16T12_40_00.245.fits
493,UVES.2015-07-20T13_18_02.656.fits,564,57223.554197409,EDIBLES_raw_all/UVES.2015-07-20T13_18_02.656.fits
494,UVES.2015-08-16T09_34_35.700.fits,564,57250.399024306,EDIBLES_raw_all/UVES.2015-08-16T09_34_35.700.fits
495,UVES.2015-08-16T10_40_09.087.fits,564,57250.444549617,EDIBLES_raw_all/UVES.2015-08-16T10_40_09.087.fits
496,UVES.2015-08-17T07_33_46.545.fits,564,57251.315122053,EDIBLES_raw_all/UVES.2015-08-17T07_33_46.545.fits
497,UVES.2015-08-21T14_10_25.435.fits,564,57255.590572155,EDIBLES_raw_all/UVES.2015-08-21T14_10_25.435.fits
498,UVES.2015-08-23T12_43_29.519.fits,564,57257.530202769,EDIBLES_raw_all/UVES.2015-08-23T12_43_29.519.fits
499,UVES.2015-09-11T11_17_15.318.fits,564,57276.470316175,EDIBLES_raw_all/UVES.2015-09-11T11_17_15.318.fits
500,UVES.2015-09-13T13_30_47.039.fits,564,57278.563044432,EDIBLES_raw_all/UVES.2015-09-13T13_30_47.039.fits
501,UVES.2015-09-18T11_43_58.275.fits,564,57283.488868915,EDIBLES_raw_all/UVES.2015-09-18T11_43_58.275.fits
502,UVES.2015-09-20T12_03_00.211.fits,564,57285.502085769,EDIBLES_raw_all/UVES.2015-09-20T12_03_00.211.fits
503,UVES.2015-09-27T11_16_39.580.fits,564,57292.469902546,EDIBLES_raw_all/UVES.2015-09-27T11_16_39.580.fits
504,UVES.2015-09-27T13_38_51.570.fits,564,57292.568652427,EDIBLES_raw_all/UVES.2015-09-27T13_38_51.570.fits
505,UVES.2015-09-30T12_10_37.001.fits,564,57295.507372702,EDIBLES_raw_all/UVES.2015-09-30T12_10_37.001.fits
506,UVES.2015-10-11T13_23_49.322.fits,564,57306.558209747,EDIBLES_raw_all/UVES.2015-10-11T13_23_49.322.fits
507,UVES.2015-10-15T12_01_59.648.fits,564,57310.501384817,EDIBLES_raw_all/UVES.2015-10-15T12_01_59.648.fits
508,UVES.2015-11-09T10_33_47.066.fits,564,57335.44012808,EDIBLES_raw_all/UVES.2015-11-09T10_33_47.066.fits
509,UVES.2015-11-14T10_54_20.906.fits,564,57340.454408643,EDIBLES_raw_all/UVES.2015-11-14T10_54_20.906.fits
510,UVES.2015-11-21T10_51_08.642.fits,564,57347.452183355,EDIBLES_raw_all/UVES.2015-11-21T10_51_08.642.fits
511,UVES.2015-11-23T10_30_33.455.fits,564,57349.437887208,EDIBLES_raw_all/UVES.2015-11-23T10_30_33.455.fits
512,UVES.2015-11-30T10_53_17.682.fits,564,57356.453676867,calib_raw/UVES.2015-11-30T10_53_17.682.fits
513,UVES.2015-12-14T10_46_20.662.fits,564,57370.448850261,calib_raw/UVES.2015-12-14T10_46_20.662.fits
514,UVES.2015-12-21T10_46_26.180.fits,564,57377.448914117,calib_raw/UVES.2015-12-21T10_46_26.180.fits
515,UVES.2015-12-22T10_29_08.474.fits,564,57378.436903642,calib_raw/UVES.2015-12-22T10_29_08.474.fits
516,UVES.2015-12-28T11_14_27.834.fits,564,57384.468377713,calib_raw/UVES.2015-12-28T11_14_27.834.fits
517,UVES.2016-01-04T11_08_29.169.fits,564,57391.464226489,calib_raw/UVES.2016-01-04T11_08_29.169.fits
518,UVES.2016-01-11T10_41_55.144.fits,564,57398.445777134,calib_raw/UVES.2016-01-11T10_41_55.144.fits
519,UVES.2016-01-18T11_45_18.613.fits,564,57405.489798765,calib_raw/UVES.2016-01-18T11_45_18.613.fits
520,UVES.2016-01-25T11_56_00.347.fits,564,57412.49722624,calib_raw/UVES.2016-01-25T11_56_00.347.fits
521,UVES.2016-02-01T12_19_17.189.fits,564,57419.51339339,calib_raw/UVES.2016-02-01T12_19_17.189.fits
522,UVES.2016-02-08T12_16_57.332.fits,564,57426.511774681,calib_raw/UVES.2016-02-08T12_16_57.332.fits
523,UVES.2016-02-15T11_55_02.705.fits,564,57433.496559094,calib_raw/UVES.2016-02-15T11_55_02.705.fits
524,UVES.2016-02-21T12_48_32.176.fits,564,57439.533705743,calib_raw/UVES.2016-02-21T12_48_32.176.fits
525,UVES.2016-02-21T12_48_32.176.fits,564,57439.533705743,EDIBLES_raw_all/UVES.2016-02-21T12_48_32.176.fits
526,UVES.2016-02-22T11_43_28.745.fits,564,57440.488527143,calib_raw/UVES.2016-02-22T11_43_28.745.fits
527,UVES.2016-02-22T11_43_28.745.fits,564,57440.488527143,EDIBLES_raw_all/UVES.2016-02-22T11_43_28.745.fits
528,UVES.2016-02-29T12_13_10.834.fits,564,57447.509153173,calib_raw/UVES.2016-02-29T12_13_10.834.fits
529,UVES.2016-03-18T11_49_00.120.fits,564,57465.492362504,EDIBLES_raw_all/UVES.2016-03-18T11_49_00.120.fits
530,UVES.2016-03-21T11_57_45.359.fits,564,57468.498441649,EDIBLES_raw_all/UVES.2016-03-21T11_57_45.359.fits
531,UVES.2016-03-23T13_05_09.972.fits,564,57470.545254299,EDIBLES_raw_all/UVES.2016-03-23T13_05_09.972.fits
532,UVES.2016-03-29T11_54_55.138.fits,564,57476.496471511,EDIBLES_raw_all/UVES.2016-03-29T11_54_55.138.fits
533,UVES.2016-04-04T12_03_19.902.fits,564,57482.502313678,EDIBLES_raw_all/UVES.2016-04-04T12_03_19.902.fits
534,UVES.2016-04-06T11_14_52.219.fits,564,57484.468659937,EDIBLES_raw_all/UVES.2016-04-06T11_14_52.219.fits
535,UVES.2016-04-11T10_44_21.240.fits,564,57489.447468064,EDIBLES_raw_all/UVES.2016-04-11T10_44_21.240.fits
536,UVES.2016-04-11T12_32_37.167.fits,564,57489.522652397,EDIBLES_raw_all/UVES.2016-04-11T12_32_37.167.fits
537,UVES.2016-04-19T12_31_20.144.fits,564,57497.521760929,EDIBLES_raw_all/UVES.2016-04-19T12_31_20.144.fits
538,UVES.2016-04-25T12_23_05.691.fits,564,57503.51603809,EDIBLES_raw_all/UVES.2016-04-25T12_23_05.691.fits
539,UVES.2016-05-05T10_48_28.223.fits,564,57513.450326664,EDIBLES_raw_all/UVES.2016-05-05T10_48_28.223.fits
540,UVES.2016-05-08T10_23_09.569.fits,564,57516.43274964,EDIBLES_raw_all/UVES.2016-05-08T10_23_09.569.fits
541,UVES.2016-05-09T11_26_11.860.fits,564,57517.476526161,EDIBLES_raw_all/UVES.2016-05-09T11_26_11.860.fits
542,UVES.2016-05-16T12_38_06.886.fits,564,57524.526468592,EDIBLES_raw_all/UVES.2016-05-16T12_38_06.886.fits
543,UVES.2016-05-21T11_48_13.247.fits,564,57529.491819994,EDIBLES_raw_all/UVES.2016-05-21T11_48_13.247.fits
544,UVES.2016-06-06T11_24_12.631.fits,564,57545.475146188,EDIBLES_raw_all/UVES.2016-06-06T11_24_12.631.fits
545,UVES.2016-06-09T12_37_06.601.fits,564,57548.525770852,EDIBLES_raw_all/UVES.2016-06-09T12_37_06.601.fits
546,UVES.2016-06-12T12_59_07.876.fits,564,57551.541063384,EDIBLES_raw_all/UVES.2016-06-12T12_59_07.876.fits
547,UVES.2016-06-13T12_58_04.521.fits,564,57552.540330103,EDIBLES_raw_all/UVES.2016-06-13T12_58_04.521.fits
548,UVES.2016-06-16T12_33_20.902.fits,564,57555.523158594,EDIBLES_raw_all/UVES.2016-06-16T12_33_20.902.fits
549,UVES.2016-06-27T12_19_10.414.fits,564,57566.513314982,EDIBLES_raw_all/UVES.2016-06-27T12_19_10.414.fits
550,UVES.2016-07-02T12_36_52.945.fits,564,57571.525612792,EDIBLES_raw_all/UVES.2016-07-02T12_36_52.945.fits
551,UVES.2016-07-07T12_14_49.934.fits,564,57576.510300162,EDIBLES_raw_all/UVES.2016-07-07T12_14_49.934.fits
552,UVES.2016-07-11T12_29_09.997.fits,564,57580.520254589,EDIBLES_raw_all/UVES.2016-07-11T12_29_09.997.fits
553,UVES.2016-07-14T12_56_24.890.fits,564,57583.539176965,EDIBLES_raw_all/UVES.2016-07-14T12_56_24.890.fits
554,UVES.2016-07-24T12_22_22.640.fits,564,57593.51553981,EDIBLES_raw_all/UVES.2016-07-24T12_22_22.640.fits
555,UVES.2016-07-25T12_38_40.542.fits,564,57594.526858125,EDIBLES_raw_all/UVES.2016-07-25T12_38_40.542.fits
556,UVES.2016-08-08T12_55_55.453.fits,564,57608.538836261,EDIBLES_raw_all/UVES.2016-08-08T12_55_55.453.fits
557,UVES.2016-08-08T14_45_53.555.fits,564,57608.615203176,EDIBLES_raw_all/UVES.2016-08-08T14_45_53.555.fits
558,UVES.2016-08-13T12_48_15.675.fits,564,57613.533514762,EDIBLES_raw_all/UVES.2016-08-13T12_48_15.675.fits
559,UVES.2016-08-15T12_23_20.600.fits,564,57615.516210652,EDIBLES_raw_all/UVES.2016-08-15T12_23_20.600.fits
560,UVES.2016-08-19T12_50_46.086.fits,564,57619.535255633,EDIBLES_raw_all/UVES.2016-08-19T12_50_46.086.fits
561,UVES.2016-08-29T12_02_51.012.fits,564,57629.501979296,EDIBLES_raw_all/UVES.2016-08-29T12_02_51.012.fits
562,UVES.2016-08-29T14_18_48.900.fits,564,57629.596399296,EDIBLES_raw_all/UVES.2016-08-29T14_18_48.900.fits
563,UVES.2016-09-09T12_39_17.437.fits,564,57640.527285149,EDIBLES_raw_all/UVES.2016-09-09T12_39_17.437.fits
564,UVES.2016-09-12T12_28_30.342.fits,564,57643.519795626,EDIBLES_raw_all/UVES.2016-09-12T12_28_30.342.fits
565,UVES.2016-09-12T14_41_40.276.fits,564,57643.612271713,EDIBLES_raw_all/UVES.2016-09-12T14_41_40.276.fits
566,UVES.2017-01-01T11_13_29.585.fits,564,57754.46770353,EDIBLES_raw_all/UVES.2017-01-01T11_13_29.585.fits
567,UVES.2017-01-03T11_53_48.898.fits,564,57756.495704839,EDIBLES_raw_all/UVES.2017-01-03T11_53_48.898.fits
568,UVES.2017-01-07T12_44_49.962.fits,564,57760.531133821,EDIBLES_raw_all/UVES.2017-01-07T12_44_49.962.fits
569,UVES.2017-01-08T10_50_17.358.fits,564,57761.451589793,EDIBLES_raw_all/UVES.2017-01-08T10_50_17.358.fits
570,UVES.2017-02-23T12_05_49.034.fits,564,57807.504039735,EDIBLES_raw_all/UVES.2017-02-23T12_05_49.034.fits
571,UVES.2017-04-14T12_47_37.296.fits,564,57857.533070553,EDIBLES_raw_all/UVES.2017-04-14T12_47_37.296.fits
572,UVES.2017-04-17T11_51_48.838.fits,564,57860.494315256,EDIBLES_raw_all/UVES.2017-04-17T11_51_48.838.fits
573,UVES.2017-04-20T10_19_24.884.fits,564,57863.430149124,EDIBLES_raw_all/UVES.2017-04-20T10_19_24.884.fits
574,UVES.2017-04-23T12_57_48.240.fits,564,57866.540141671,EDIBLES_raw_all/UVES.2017-04-23T12_57_48.240.fits
575,UVES.2017-04-26T11_32_31.102.fits,564,57869.480915528,EDIBLES_raw_all/UVES.2017-04-26T11_32_31.102.fits
576,UVES.2017-04-28T12_12_05.028.fits,564,57871.508391535,EDIBLES_raw_all/UVES.2017-04-28T12_12_05.028.fits
577,UVES.2017-04-29T17_15_27.558.fits,564,57872.719068957,EDIBLES_raw_all/UVES.2017-04-29T17_15_27.558.fits
578,UVES.2017-05-02T11_50_15.982.fits,564,57875.493240532,EDIBLES_raw_all/UVES.2017-05-02T11_50_15.982.fits
579,UVES.2017-05-05T12_38_25.543.fits,564,57878.526684524,EDIBLES_raw_all/UVES.2017-05-05T12_38_25.543.fits
580,UVES.2017-05-07T11_36_23.481.fits,564,57880.483605103,EDIBLES_raw_all/UVES.2017-05-07T11_36_23.481.fits
581,UVES.2017-06-15T13_03_09.800.fits,564,57919.543863435,EDIBLES_raw_all/UVES.2017-06-15T13_03_09.800.fits
582,UVES.2017-06-16T12_32_55.289.fits,564,57920.522862144,EDIBLES_raw_all/UVES.2017-06-16T12_32_55.289.fits
583,UVES.2017-06-30T12_29_02.546.fits,564,57934.520168357,EDIBLES_raw_all/UVES.2017-06-30T12_29_02.546.fits
584,UVES.2017-07-01T12_05_54.948.fits,564,57935.504108204,EDIBLES_raw_all/UVES.2017-07-01T12_05_54.948.fits
585,UVES.2017-07-19T12_37_30.213.fits,564,57953.526044131,EDIBLES_raw_all/UVES.2017-07-19T12_37_30.213.fits
586,UVES.2017-07-21T12_35_25.466.fits,564,57955.524600296,EDIBLES_raw_all/UVES.2017-07-21T12_35_25.466.fits
587,UVES.2017-08-04T14_06_46.036.fits,564,57969.588032818,EDIBLES_raw_all/UVES.2017-08-04T14_06_46.036.fits
588,UVES.2017-08-09T15_48_10.089.fits,564,57974.658450103,EDIBLES_raw_all/UVES.2017-08-09T15_48_10.089.fits
589,UVES.2017-08-24T13_57_21.552.fits,564,57989.581499437,EDIBLES_raw_all/UVES.2017-08-24T13_57_21.552.fits
590,UVES.2017-08-25T16_07_05.157.fits,564,57990.671587464,EDIBLES_raw_all/UVES.2017-08-25T16_07_05.157.fits
591,UVES.2017-08-27T11_49_26.502.fits,564,57992.492667847,EDIBLES_raw_all/UVES.2017-08-27T11_49_26.502.fits
592,UVES.2017-09-22T11_23_20.405.fits,564,58018.474541716,EDIBLES_raw_all/UVES.2017-09-22T11_23_20.405.fits
593,UVES.2017-09-22T12_50_41.636.fits,564,58018.535204121,EDIBLES_raw_all/UVES.2017-09-22T12_50_41.636.fits
594,UVES.2017-09-29T11_20_29.172.fits,564,58025.472559863,EDIBLES_raw_all/UVES.2017-09-29T11_20_29.172.fits
595,UVES.2017-10-01T11_32_30.139.fits,564,58027.480904387,EDIBLES_raw_all/UVES.2017-10-01T11_32_30.139.fits
596,UVES.2017-10-05T15_51_00.245.fits,564,58031.660419504,EDIBLES_raw_all/UVES.2017-10-05T15_51_00.245.fits
597,UVES.2017-12-18T14_06_53.438.fits,564,58105.588118503,EDIBLES_raw_all/UVES.2017-12-18T14_06_53.438.fits
598,UVES.2018-02-11T15_04_25.052.fits,564,58160.628067727,EDIBLES_raw_all/UVES.2018-02-11T15_04_25.052.fits
599,UVES.2018-02-14T14_30_50.672.fits,564,58163.604753152,EDIBLES_raw_all/UVES.2018-02-14T14_30_50.672.fits
600,UVES.2018-03-17T12_09_05.767.fits,564,58194.506316748,EDIBLES_raw_all/UVES.2018-03-17T12_09_05.767.fits
601,UVES.2018-03-18T11_47_41.715.fits,564,58195.491455037,EDIBLES_raw_all/UVES.2018-03-18T11_47_41.715.fits
602,UVES.2018-03-24T10_48_48.079.fits,564,58201.450556467,EDIBLES_raw_all/UVES.2018-03-24T10_48_48.079.fits
603,UVES.2018-03-25T11_46_56.018.fits,564,58202.490926142,EDIBLES_raw_all/UVES.2018-03-25T11_46_56.018.fits
604,UVES.2018-05-23T12_56_36.851.fits,564,58261.539315396,EDIBLES_raw_all/UVES.2018-05-23T12_56_36.851.fits
605,UVES.2018-05-27T13_27_26.326.fits,564,58265.560721372,EDIBLES_raw_all/UVES.2018-05-27T13_27_26.326.fits
606,UVES.2018-06-02T11_55_15.433.fits,564,58271.496706398,EDIBLES_raw_all/UVES.2018-06-02T11_55_15.433.fits
607,UVES.2018-06-19T14_31_27.352.fits,564,58288.605177688,EDIBLES_raw_all/UVES.2018-06-19T14_31_27.352.fits
608,UVES.2018-06-20T12_31_00.400.fits,564,58289.521532411,EDIBLES_raw_all/UVES.2018-06-20T12_31_00.400.fits
609,UVES.2018-06-21T13_20_01.724.fits,564,58290.555575513,EDIBLES_raw_all/UVES.2018-06-21T13_20_01.724.fits
610,UVES.2018-06-27T12_24_28.365.fits,564,58296.516994964,EDIBLES_raw_all/UVES.2018-06-27T12_24_28.365.fits
611,UVES.2018-06-29T12_52_18.320.fits,564,58298.536323151,EDIBLES_raw_all/UVES.2018-06-29T12_52_18.320.fits
612,UVES.2018-07-13T14_40_51.751.fits,564,58312.611710083,EDIBLES_raw_all/UVES.2018-07-13T14_40_51.751.fits
613,UVES.2018-07-17T12_50_48.886.fits,564,58316.535288031,EDIBLES_raw_all/UVES.2018-07-17T12_50_48.886.fits
614,UVES.2018-07-18T12_55_51.105.fits,564,58317.538785944,EDIBLES_raw_all/UVES.2018-07-18T12_55_51.105.fits
615,UVES.2018-07-31T12_38_23.711.fits,564,58330.526663315,EDIBLES_raw_all/UVES.2018-07-31T12_38_23.711.fits
616,UVES.2018-08-01T10_55_54.974.fits,564,58331.455497379,EDIBLES_raw_all/UVES.2018-08-01T10_55_54.974.fits
617,UVES.2018-08-08T12_08_22.939.fits,564,58338.505821046,EDIBLES_raw_all/UVES.2018-08-08T12_08_22.939.fits
618,UVES.2018-08-08T14_35_29.479.fits,564,58338.607980081,EDIBLES_raw_all/UVES.2018-08-08T14_35_29.479.fits
619,UVES.2018-08-29T12_42_24.000.fits,564,58359.529444437,EDIBLES_raw_all/UVES.2018-08-29T12_42_24.000.fits
620,UVES.2018-08-30T20_22_22.767.fits,564,58360.848874617,EDIBLES_raw_all/UVES.2018-08-30T20_22_22.767.fits
621,UVES.2018-09-01T12_03_06.421.fits,564,58362.502157655,EDIBLES_raw_all/UVES.2018-09-01T12_03_06.421.fits
622,UVES.2018-09-02T12_45_11.691.fits,564,58363.531385307,EDIBLES_raw_all/UVES.2018-09-02T12_45_11.691.fits
623,UVES.2018-09-05T11_52_44.124.fits,564,58366.494955137,EDIBLES_raw_all/UVES.2018-09-05T11_52_44.124.fits
624,UVES.2018-09-07T12_13_21.403.fits,564,58368.509275496,EDIBLES_raw_all/UVES.2018-09-07T12_13_21.403.fits
625,UVES.2018-09-11T13_01_40.110.fits,564,58372.542825345,EDIBLES_raw_all/UVES.2018-09-11T13_01_40.110.fits
626,UVES.2018-09-12T13_00_23.485.fits,564,58373.541938484,EDIBLES_raw_all/UVES.2018-09-12T13_00_23.485.fits
627,UVES.2018-10-06T10_27_02.694.fits,564,58397.435447846,EDIBLES_raw_all/UVES.2018-10-06T10_27_02.694.fits
628,UVES.2018-10-10T11_21_00.550.fits,564,58401.472923032,EDIBLES_raw_all/UVES.2018-10-10T11_21_00.550.fits
629,UVES.2019-01-01T10_54_09.267.fits,564,58484.454273919,calib_raw/UVES.2019-01-01T10_54_09.267.fits
630,UVES.2019-01-01T10_54_09.267.fits,564,58484.454273919,EDIBLES_raw_all/UVES.2019-01-01T10_54_09.267.fits
631,UVES.2019-01-05T10_00_25.551.fits,564,58488.416962401,EDIBLES_raw_all/UVES.2019-01-05T10_00_25.551.fits
632,UVES.2019-01-30T10_09_26.990.fits,564,58513.423229055,EDIBLES_raw_all/UVES.2019-01-30T10_09_26.990.fits
633,UVES.2019-02-03T14_11_21.106.fits,564,58517.591216499,calib_raw/UVES.2019-02-03T14_11_21.106.fits
634,UVES.2019-02-03T14_11_21.106.fits,564,58517.591216499,EDIBLES_raw_all/UVES.2019-02-03T14_11_21.106.fits
635,UVES.2019-02-12T11_40_45.535.fits,564,58526.486638138,calib_raw/UVES.2019-02-12T11_40_45.535.fits
636,UVES.2019-02-12T11_40_45.535.fits,564,58526.486638138,EDIBLES_raw_all/UVES.2019-02-12T11_40_45.535.fits
637,UVES.2019-02-13T12_18_26.961.fits,564,58527.512812049,EDIBLES_raw_all/UVES.2019-02-13T12_18_26.961.fits
638,UVES.2019-07-07T12_11_18.661.fits,564,58671.507854871,calib_raw/UVES.2019-07-07T12_11_18.661.fits
639,UVES.2014-09-15T12_28_10.062.fits,860,56915.519560896,EDIBLES_raw_all/UVES.2014-09-15T12_28_10.062.fits
640,UVES.2014-09-17T11_04_16.019.fits,860,56917.461296521,EDIBLES_raw_all/UVES.2014-09-17T11_04_16.019.fits
641,UVES.2014-09-19T10_52_08.111.fits,860,56919.452871664,EDIBLES_raw_all/UVES.2014-09-19T10_52_08.111.fits
642,UVES.2014-09-23T12_21_17.601.fits,860,56923.514787054,EDIBLES_raw_all/UVES.2014-09-23T12_21_17.601.fits
643,UVES.2014-09-24T12_55_00.232.fits,860,56924.53819713,EDIBLES_raw_all/UVES.2014-09-24T12_55_00.232.fits
644,UVES.2014-09-26T13_16_13.924.fits,860,56926.552938941,EDIBLES_raw_all/UVES.2014-09-26T13_16_13.924.fits
645,UVES.2014-09-30T14_27_05.834.fits,860,56930.602150861,EDIBLES_raw_all/UVES.2014-09-30T14_27_05.834.fits
646,UVES.2014-10-01T11_56_27.480.fits,860,56931.497540276,EDIBLES_raw_all/UVES.2014-10-01T11_56_27.480.fits
647,UVES.2014-10-06T14_02_54.675.fits,860,56936.585355035,EDIBLES_raw_all/UVES.2014-10-06T14_02_54.675.fits
648,UVES.2014-10-08T12_08_16.203.fits,860,56938.505743092,EDIBLES_raw_all/UVES.2014-10-08T12_08_16.203.fits
649,UVES.2014-10-10T11_49_04.339.fits,860,56940.492411335,EDIBLES_raw_all/UVES.2014-10-10T11_49_04.339.fits
650,UVES.2014-10-15T12_23_47.168.fits,860,56945.51651815,EDIBLES_raw_all/UVES.2014-10-15T12_23_47.168.fits
651,UVES.2014-10-28T11_47_35.887.fits,860,56958.491387581,EDIBLES_raw_all/UVES.2014-10-28T11_47_35.887.fits
652,UVES.2014-10-29T12_08_01.729.fits,860,56959.505575567,EDIBLES_raw_all/UVES.2014-10-29T12_08_01.729.fits
653,UVES.2014-11-16T11_10_58.150.fits,860,56977.465950808,EDIBLES_raw_all/UVES.2014-11-16T11_10_58.150.fits
654,UVES.2014-12-10T10_10_36.722.fits,860,57001.424036138,EDIBLES_raw_all/UVES.2014-12-10T10_10_36.722.fits
655,UVES.2014-12-14T12_16_34.480.fits,860,57005.511510189,EDIBLES_raw_all/UVES.2014-12-14T12_16_34.480.fits
656,UVES.2014-12-17T11_12_13.613.fits,860,57008.46682422,EDIBLES_raw_all/UVES.2014-12-17T11_12_13.613.fits
657,UVES.2014-12-21T12_41_06.359.fits,860,57012.528545819,EDIBLES_raw_all/UVES.2014-12-21T12_41_06.359.fits
658,UVES.2015-01-28T10_57_59.198.fits,860,57050.456935156,EDIBLES_raw_all/UVES.2015-01-28T10_57_59.198.fits
659,UVES.2015-01-30T07_50_26.037.fits,860,57052.326690238,EDIBLES_raw_all/UVES.2015-01-30T07_50_26.037.fits
660,UVES.2015-02-12T13_25_32.856.fits,860,57065.559408048,EDIBLES_raw_all/UVES.2015-02-12T13_25_32.856.fits
661,UVES.2015-02-18T12_02_15.803.fits,860,57071.501571789,EDIBLES_raw_all/UVES.2015-02-18T12_02_15.803.fits
662,UVES.2015-02-19T11_16_03.897.fits,860,57072.469489546,EDIBLES_raw_all/UVES.2015-02-19T11_16_03.897.fits
663,UVES.2015-02-25T11_53_40.019.fits,860,57078.495602066,EDIBLES_raw_all/UVES.2015-02-25T11_53_40.019.fits
664,UVES.2015-02-27T11_37_34.183.fits,860,57080.484423405,EDIBLES_raw_all/UVES.2015-02-27T11_37_34.183.fits
665,UVES.2015-03-18T12_42_49.365.fits,860,57099.529738024,EDIBLES_raw_all/UVES.2015-03-18T12_42_49.365.fits
666,UVES.2015-03-18T13_31_00.368.fits,860,57099.563198695,EDIBLES_raw_all/UVES.2015-03-18T13_31_00.368.fits
667,UVES.2015-04-16T12_40_47.782.fits,860,57128.528330814,calib_raw/UVES.2015-04-16T12_40_47.782.fits
668,UVES.2015-05-15T14_52_45.646.fits,860,57157.619972745,calib_raw/UVES.2015-05-15T14_52_45.646.fits
669,UVES.2015-05-18T13_14_28.033.fits,860,57160.551713347,calib_raw/UVES.2015-05-18T13_14_28.033.fits
670,UVES.2015-05-28T12_45_28.935.fits,860,57170.531584899,EDIBLES_raw_all/UVES.2015-05-28T12_45_28.935.fits
671,UVES.2015-05-31T12_08_12.810.fits,860,57173.50570382,calib_raw/UVES.2015-05-31T12_08_12.810.fits
672,UVES.2015-05-31T12_08_12.810.fits,860,57173.50570382,EDIBLES_raw_all/UVES.2015-05-31T12_08_12.810.fits
673,UVES.2015-06-19T15_04_10.661.fits,860,57192.627901168,calib_raw/UVES.2015-06-19T15_04_10.661.fits
674,UVES.2015-06-25T14_22_11.724.fits,860,57198.598746814,EDIBLES_raw_all/UVES.2015-06-25T14_22_11.724.fits
675,UVES.2015-06-28T10_44_50.222.fits,860,57201.447803485,EDIBLES_raw_all/UVES.2015-06-28T10_44_50.222.fits
676,UVES.2015-07-01T12_22_03.394.fits,860,57204.515317059,calib_raw/UVES.2015-07-01T12_22_03.394.fits
677,UVES.2015-07-01T12_22_03.394.fits,860,57204.515317059,EDIBLES_raw_all/UVES.2015-07-01T12_22_03.394.fits
678,UVES.2015-07-02T19_13_49.528.fits,860,57205.801267691,EDIBLES_raw_all/UVES.2015-07-02T19_13_49.528.fits
679,UVES.2015-07-13T13_44_30.685.fits,860,57216.572577366,calib_raw/UVES.2015-07-13T13_44_30.685.fits
680,UVES.2015-07-16T13_05_50.099.fits,860,57219.545718736,EDIBLES_raw_all/UVES.2015-07-16T13_05_50.099.fits
681,UVES.2015-07-20T14_42_06.301.fits,860,57223.612572933,calib_raw/UVES.2015-07-20T14_42_06.301.fits
682,UVES.2015-07-20T14_42_06.301.fits,860,57223.612572933,EDIBLES_raw_all/UVES.2015-07-20T14_42_06.301.fits
683,UVES.2015-07-23T13_30_10.321.fits,860,57226.562619458,EDIBLES_raw_all/UVES.2015-07-23T13_30_10.321.fits
684,UVES.2015-08-21T15_01_14.692.fits,860,57255.625864486,EDIBLES_raw_all/UVES.2015-08-21T15_01_14.692.fits
685,UVES.2015-08-23T13_09_15.564.fits,860,57257.548096809,EDIBLES_raw_all/UVES.2015-08-23T13_09_15.564.fits
686,UVES.2015-09-07T12_19_18.016.fits,860,57272.513402964,EDIBLES_raw_all/UVES.2015-09-07T12_19_18.016.fits
687,UVES.2015-09-12T12_17_44.184.fits,860,57277.512316949,EDIBLES_raw_all/UVES.2015-09-12T12_17_44.184.fits
688,UVES.2015-09-13T13_56_32.305.fits,860,57278.580929456,EDIBLES_raw_all/UVES.2015-09-13T13_56_32.305.fits
689,UVES.2015-09-27T11_42_39.945.fits,860,57292.487962325,EDIBLES_raw_all/UVES.2015-09-27T11_42_39.945.fits
690,UVES.2015-09-27T14_33_52.248.fits,860,57292.60685472,EDIBLES_raw_all/UVES.2015-09-27T14_33_52.248.fits
691,UVES.2015-10-01T11_29_54.977.fits,860,57296.479108534,EDIBLES_raw_all/UVES.2015-10-01T11_29_54.977.fits
692,UVES.2015-10-04T11_56_33.888.fits,860,57299.497614446,EDIBLES_raw_all/UVES.2015-10-04T11_56_33.888.fits
693,UVES.2015-11-21T11_34_45.174.fits,860,57347.482467285,EDIBLES_raw_all/UVES.2015-11-21T11_34_45.174.fits
694,UVES.2015-11-23T10_56_16.514.fits,860,57349.455746691,EDIBLES_raw_all/UVES.2015-11-23T10_56_16.514.fits
695,UVES.2015-11-30T11_19_12.426.fits,860,57356.471671599,calib_raw/UVES.2015-11-30T11_19_12.426.fits
696,UVES.2015-12-14T11_12_26.580.fits,860,57370.466974311,calib_raw/UVES.2015-12-14T11_12_26.580.fits
697,UVES.2015-12-21T11_12_03.044.fits,860,57377.466701897,calib_raw/UVES.2015-12-21T11_12_03.044.fits
698,UVES.2015-12-22T10_46_40.536.fits,860,57378.44908028,calib_raw/UVES.2015-12-22T10_46_40.536.fits
699,UVES.2015-12-26T16_45_04.841.fits,860,57382.697972697,calib_raw/UVES.2015-12-26T16_45_04.841.fits
700,UVES.2015-12-28T11_40_09.761.fits,860,57384.486224082,calib_raw/UVES.2015-12-28T11_40_09.761.fits
701,UVES.2016-01-04T11_34_10.824.fits,860,57391.482069724,calib_raw/UVES.2016-01-04T11_34_10.824.fits
702,UVES.2016-01-11T11_07_34.830.fits,860,57398.463597567,calib_raw/UVES.2016-01-11T11_07_34.830.fits
703,UVES.2016-01-12T11_25_55.741.fits,860,57399.476339605,calib_raw/UVES.2016-01-12T11_25_55.741.fits
704,UVES.2016-01-18T12_10_58.960.fits,860,57405.507626849,calib_raw/UVES.2016-01-18T12_10_58.960.fits
705,UVES.2016-01-25T12_21_39.952.fits,860,57412.515045739,calib_raw/UVES.2016-01-25T12_21_39.952.fits
706,UVES.2016-02-01T12_45_01.224.fits,860,57419.531264174,calib_raw/UVES.2016-02-01T12_45_01.224.fits
707,UVES.2016-02-08T12_42_40.109.fits,860,57426.529630887,calib_raw/UVES.2016-02-08T12_42_40.109.fits
708,UVES.2016-02-10T11_50_13.894.fits,860,57428.493216367,calib_raw/UVES.2016-02-10T11_50_13.894.fits
709,UVES.2016-02-15T12_20_45.252.fits,860,57433.514412641,calib_raw/UVES.2016-02-15T12_20_45.252.fits
710,UVES.2016-02-21T13_51_32.109.fits,860,57439.577454969,calib_raw/UVES.2016-02-21T13_51_32.109.fits
711,UVES.2016-02-21T13_51_32.109.fits,860,57439.577454969,EDIBLES_raw_all/UVES.2016-02-21T13_51_32.109.fits
712,UVES.2016-02-22T12_09_13.371.fits,860,57440.506404763,calib_raw/UVES.2016-02-22T12_09_13.371.fits
713,UVES.2016-02-22T12_09_13.371.fits,860,57440.506404763,EDIBLES_raw_all/UVES.2016-02-22T12_09_13.371.fits
714,UVES.2016-03-02T22_06_11.317.fits,860,57449.920964323,calib_raw/UVES.2016-03-02T22_06_11.317.fits
715,UVES.2016-03-17T12_29_56.090.fits,860,57464.520788084,EDIBLES_raw_all/UVES.2016-03-17T12_29_56.090.fits
716,UVES.2016-03-21T12_23_46.016.fits,860,57468.51650482,EDIBLES_raw_all/UVES.2016-03-21T12_23_46.016.fits
717,UVES.2016-03-23T14_52_55.226.fits,860,57470.620083642,EDIBLES_raw_all/UVES.2016-03-23T14_52_55.226.fits
718,UVES.2016-03-29T12_32_05.854.fits,860,57476.522289979,EDIBLES_raw_all/UVES.2016-03-29T12_32_05.854.fits
719,UVES.2016-04-04T12_29_05.478.fits,860,57482.520202288,EDIBLES_raw_all/UVES.2016-04-04T12_29_05.478.fits
720,UVES.2016-04-11T11_10_08.016.fits,860,57489.465370561,EDIBLES_raw_all/UVES.2016-04-11T11_10_08.016.fits
721,UVES.2016-04-11T12_57_45.228.fits,860,57489.540106814,EDIBLES_raw_all/UVES.2016-04-11T12_57_45.228.fits
722,UVES.2016-04-19T13_21_57.033.fits,860,57497.556910102,EDIBLES_raw_all/UVES.2016-04-19T13_21_57.033.fits
723,UVES.2016-04-25T12_48_53.594.fits,860,57503.53395363,EDIBLES_raw_all/UVES.2016-04-25T12_48_53.594.fits
724,UVES.2016-05-05T11_12_19.038.fits,860,57513.466887014,EDIBLES_raw_all/UVES.2016-05-05T11_12_19.038.fits
725,UVES.2016-05-09T11_52_07.424.fits,860,57517.494530367,EDIBLES_raw_all/UVES.2016-05-09T11_52_07.424.fits
726,UVES.2016-05-10T11_21_09.691.fits,860,57518.473028835,EDIBLES_raw_all/UVES.2016-05-10T11_21_09.691.fits
727,UVES.2016-06-12T13_28_24.220.fits,860,57551.561391434,EDIBLES_raw_all/UVES.2016-06-12T13_28_24.220.fits
728,UVES.2016-06-13T13_23_50.686.fits,860,57552.558225526,EDIBLES_raw_all/UVES.2016-06-13T13_23_50.686.fits
729,UVES.2016-06-16T13_03_25.440.fits,860,57555.544044445,EDIBLES_raw_all/UVES.2016-06-16T13_03_25.440.fits
730,UVES.2016-06-24T11_02_33.762.fits,860,57563.460112986,EDIBLES_raw_all/UVES.2016-06-24T11_02_33.762.fits
731,UVES.2016-06-27T12_45_18.637.fits,860,57566.531465712,EDIBLES_raw_all/UVES.2016-06-27T12_45_18.637.fits
732,UVES.2016-06-28T15_01_39.545.fits,860,57567.626152143,EDIBLES_raw_all/UVES.2016-06-28T15_01_39.545.fits
733,UVES.2016-07-24T12_37_13.817.fits,860,57593.525854355,EDIBLES_raw_all/UVES.2016-07-24T12_37_13.817.fits
734,UVES.2016-07-25T13_04_42.363.fits,860,57594.544934762,EDIBLES_raw_all/UVES.2016-07-25T13_04_42.363.fits
735,UVES.2016-07-28T13_32_15.038.fits,860,57597.564062938,EDIBLES_raw_all/UVES.2016-07-28T13_32_15.038.fits
736,UVES.2016-08-07T17_33_33.492.fits,860,57607.731637643,EDIBLES_raw_all/UVES.2016-08-07T17_33_33.492.fits
737,UVES.2016-08-08T13_21_38.364.fits,860,57608.556694026,EDIBLES_raw_all/UVES.2016-08-08T13_21_38.364.fits
738,UVES.2016-08-10T12_15_44.205.fits,860,57610.510928299,EDIBLES_raw_all/UVES.2016-08-10T12_15_44.205.fits
739,UVES.2016-08-13T13_03_05.981.fits,860,57613.543819226,EDIBLES_raw_all/UVES.2016-08-13T13_03_05.981.fits
740,UVES.2016-08-21T12_38_52.528.fits,860,57621.526996847,EDIBLES_raw_all/UVES.2016-08-21T12_38_52.528.fits
741,UVES.2016-08-22T13_25_00.164.fits,860,57622.55902968,EDIBLES_raw_all/UVES.2016-08-22T13_25_00.164.fits
742,UVES.2016-08-25T13_24_55.647.fits,860,57625.558977404,EDIBLES_raw_all/UVES.2016-08-25T13_24_55.647.fits
743,UVES.2016-08-29T12_29_02.961.fits,860,57629.520173158,EDIBLES_raw_all/UVES.2016-08-29T12_29_02.961.fits
744,UVES.2016-08-29T14_47_04.610.fits,860,57629.616025578,EDIBLES_raw_all/UVES.2016-08-29T14_47_04.610.fits
745,UVES.2016-09-05T12_42_36.175.fits,860,57636.529585363,EDIBLES_raw_all/UVES.2016-09-05T12_42_36.175.fits
746,UVES.2016-09-05T14_15_27.470.fits,860,57636.594067941,EDIBLES_raw_all/UVES.2016-09-05T14_15_27.470.fits
747,UVES.2016-09-09T13_05_10.574.fits,860,57640.545261271,EDIBLES_raw_all/UVES.2016-09-09T13_05_10.574.fits
748,UVES.2016-09-12T12_54_17.698.fits,860,57643.537704844,EDIBLES_raw_all/UVES.2016-09-12T12_54_17.698.fits
749,UVES.2016-09-13T12_54_26.717.fits,860,57644.537809229,EDIBLES_raw_all/UVES.2016-09-13T12_54_26.717.fits
750,UVES.2017-01-01T11_39_39.797.fits,860,57754.485877279,EDIBLES_raw_all/UVES.2017-01-01T11_39_39.797.fits
751,UVES.2017-01-02T12_22_39.342.fits,860,57755.515733127,EDIBLES_raw_all/UVES.2017-01-02T12_22_39.342.fits
752,UVES.2017-04-14T13_13_26.574.fits,860,57857.551002009,EDIBLES_raw_all/UVES.2017-04-14T13_13_26.574.fits
753,UVES.2017-04-14T14_52_43.495.fits,860,57857.619947861,EDIBLES_raw_all/UVES.2017-04-14T14_52_43.495.fits
754,UVES.2017-04-18T13_30_54.149.fits,860,57861.56312672,EDIBLES_raw_all/UVES.2017-04-18T13_30_54.149.fits
755,UVES.2017-04-22T14_14_41.353.fits,860,57865.59353418,EDIBLES_raw_all/UVES.2017-04-22T14_14_41.353.fits
756,UVES.2017-04-24T13_49_43.259.fits,860,57867.57619513,EDIBLES_raw_all/UVES.2017-04-24T13_49_43.259.fits
757,UVES.2017-04-27T12_23_08.130.fits,860,57870.516066323,EDIBLES_raw_all/UVES.2017-04-27T12_23_08.130.fits
758,UVES.2017-04-28T12_37_51.904.fits,860,57871.52629519,EDIBLES_raw_all/UVES.2017-04-28T12_37_51.904.fits
759,UVES.2017-04-30T12_20_57.108.fits,860,57873.514549858,EDIBLES_raw_all/UVES.2017-04-30T12_20_57.108.fits
760,UVES.2017-05-03T16_34_12.351.fits,860,57876.690420731,EDIBLES_raw_all/UVES.2017-05-03T16_34_12.351.fits
761,UVES.2017-05-05T13_04_06.691.fits,860,57878.544521886,EDIBLES_raw_all/UVES.2017-05-05T13_04_06.691.fits
762,UVES.2017-05-06T11_34_41.450.fits,860,57879.482424191,EDIBLES_raw_all/UVES.2017-05-06T11_34_41.450.fits
763,UVES.2017-05-09T12_48_54.385.fits,860,57882.533962789,EDIBLES_raw_all/UVES.2017-05-09T12_48_54.385.fits
764,UVES.2017-05-12T17_07_49.204.fits,860,57885.713763942,EDIBLES_raw_all/UVES.2017-05-12T17_07_49.204.fits
765,UVES.2017-05-16T14_35_09.721.fits,860,57889.607751402,EDIBLES_raw_all/UVES.2017-05-16T14_35_09.721.fits
766,UVES.2017-05-19T13_31_54.883.fits,860,57892.563829655,EDIBLES_raw_all/UVES.2017-05-19T13_31_54.883.fits
767,UVES.2017-05-21T12_27_38.421.fits,860,57894.519194687,EDIBLES_raw_all/UVES.2017-05-21T12_27_38.421.fits
768,UVES.2017-06-16T12_59_06.788.fits,860,57920.541050786,EDIBLES_raw_all/UVES.2017-06-16T12_59_06.788.fits
769,UVES.2017-06-20T12_52_46.690.fits,860,57924.536651506,EDIBLES_raw_all/UVES.2017-06-20T12_52_46.690.fits
770,UVES.2017-06-21T14_09_07.055.fits,860,57925.589664994,EDIBLES_raw_all/UVES.2017-06-21T14_09_07.055.fits
771,UVES.2017-06-23T13_10_10.473.fits,860,57927.54873233,EDIBLES_raw_all/UVES.2017-06-23T13_10_10.473.fits
772,UVES.2017-07-05T12_58_56.029.fits,860,57939.54092626,EDIBLES_raw_all/UVES.2017-07-05T12_58_56.029.fits
773,UVES.2017-07-07T12_56_05.516.fits,860,57941.538952734,EDIBLES_raw_all/UVES.2017-07-07T12_56_05.516.fits
774,UVES.2017-07-28T12_44_35.754.fits,860,57962.530969372,EDIBLES_raw_all/UVES.2017-07-28T12_44_35.754.fits
775,UVES.2017-07-28T15_50_49.566.fits,860,57962.660295897,EDIBLES_raw_all/UVES.2017-07-28T15_50_49.566.fits
776,UVES.2017-08-20T12_18_03.630.fits,860,57985.512542012,EDIBLES_raw_all/UVES.2017-08-20T12_18_03.630.fits
777,UVES.2017-08-25T16_33_11.473.fits,860,57990.689716117,EDIBLES_raw_all/UVES.2017-08-25T16_33_11.473.fits
778,UVES.2017-09-05T13_56_50.288.fits,860,58001.581137589,EDIBLES_raw_all/UVES.2017-09-05T13_56_50.288.fits
779,UVES.2017-09-08T12_48_21.557.fits,860,58004.533582845,EDIBLES_raw_all/UVES.2017-09-08T12_48_21.557.fits
780,UVES.2017-09-15T13_09_59.259.fits,860,58011.54860254,EDIBLES_raw_all/UVES.2017-09-15T13_09_59.259.fits
781,UVES.2017-09-17T13_51_13.363.fits,860,58013.577238,EDIBLES_raw_all/UVES.2017-09-17T13_51_13.363.fits
782,UVES.2017-09-22T11_49_29.063.fits,860,58018.492697485,EDIBLES_raw_all/UVES.2017-09-22T11_49_29.063.fits
783,UVES.2017-09-26T13_22_31.257.fits,860,58022.557306212,EDIBLES_raw_all/UVES.2017-09-26T13_22_31.257.fits
784,UVES.2017-10-02T13_09_24.775.fits,860,58028.548203405,EDIBLES_raw_all/UVES.2017-10-02T13_09_24.775.fits
785,UVES.2017-10-06T12_05_29.565.fits,860,58032.503814408,EDIBLES_raw_all/UVES.2017-10-06T12_05_29.565.fits
786,UVES.2017-10-18T11_49_54.498.fits,860,58044.492991882,EDIBLES_raw_all/UVES.2017-10-18T11_49_54.498.fits
787,UVES.2017-10-20T15_49_28.466.fits,860,58046.659357241,EDIBLES_raw_all/UVES.2017-10-20T15_49_28.466.fits
788,UVES.2018-01-14T11_32_11.386.fits,860,58132.480687338,EDIBLES_raw_all/UVES.2018-01-14T11_32_11.386.fits
789,UVES.2018-01-16T16_59_32.258.fits,860,58134.708012251,EDIBLES_raw_all/UVES.2018-01-16T16_59_32.258.fits
790,UVES.2018-01-19T14_37_09.286.fits,860,58137.609135262,EDIBLES_raw_all/UVES.2018-01-19T14_37_09.286.fits
791,UVES.2018-02-01T12_21_21.680.fits,860,58150.514834258,EDIBLES_raw_all/UVES.2018-02-01T12_21_21.680.fits
792,UVES.2018-02-11T11_45_32.281.fits,860,58160.489956963,EDIBLES_raw_all/UVES.2018-02-11T11_45_32.281.fits
793,UVES.2018-02-12T12_38_05.905.fits,860,58161.526457227,EDIBLES_raw_all/UVES.2018-02-12T12_38_05.905.fits
794,UVES.2018-02-15T12_34_42.192.fits,860,58164.524099454,EDIBLES_raw_all/UVES.2018-02-15T12_34_42.192.fits
795,UVES.2018-02-18T13_00_15.800.fits,860,58167.541849545,EDIBLES_raw_all/UVES.2018-02-18T13_00_15.800.fits
796,UVES.2018-03-17T12_25_42.624.fits,860,58194.517854444,EDIBLES_raw_all/UVES.2018-03-17T12_25_42.624.fits
797,UVES.2018-03-18T12_13_25.447.fits,860,58195.509322295,EDIBLES_raw_all/UVES.2018-03-18T12_13_25.447.fits
798,UVES.2018-06-19T15_38_04.023.fits,860,58288.651435453,EDIBLES_raw_all/UVES.2018-06-19T15_38_04.023.fits
799,UVES.2018-06-20T12_57_27.686.fits,860,58289.539903773,EDIBLES_raw_all/UVES.2018-06-20T12_57_27.686.fits
800,UVES.2018-06-27T12_50_25.722.fits,860,58296.535019934,EDIBLES_raw_all/UVES.2018-06-27T12_50_25.722.fits
801,UVES.2018-06-29T13_20_53.670.fits,860,58298.556176743,EDIBLES_raw_all/UVES.2018-06-29T13_20_53.670.fits
802,UVES.2018-07-11T12_48_59.616.fits,860,58310.53402333,EDIBLES_raw_all/UVES.2018-07-11T12_48_59.616.fits
803,UVES.2018-07-14T12_46_58.674.fits,860,58313.532623544,EDIBLES_raw_all/UVES.2018-07-14T12_46_58.674.fits
804,UVES.2018-07-18T13_21_52.154.fits,860,58317.556853639,EDIBLES_raw_all/UVES.2018-07-18T13_21_52.154.fits
805,UVES.2018-07-22T11_15_26.290.fits,860,58321.469054284,EDIBLES_raw_all/UVES.2018-07-22T11_15_26.290.fits
806,UVES.2018-07-31T13_32_26.330.fits,860,58330.564193634,EDIBLES_raw_all/UVES.2018-07-31T13_32_26.330.fits
807,UVES.2018-08-01T11_21_41.521.fits,860,58331.47339723,EDIBLES_raw_all/UVES.2018-08-01T11_21_41.521.fits
808,UVES.2018-08-22T12_50_13.205.fits,860,58352.534875064,EDIBLES_raw_all/UVES.2018-08-22T12_50_13.205.fits
809,UVES.2018-08-24T13_13_22.783.fits,860,58354.550958139,EDIBLES_raw_all/UVES.2018-08-24T13_13_22.783.fits
810,UVES.2018-08-24T13_15_04.404.fits,860,58354.552134296,EDIBLES_raw_all/UVES.2018-08-24T13_15_04.404.fits
811,UVES.2018-09-01T12_57_30.737.fits,860,58362.539939077,EDIBLES_raw_all/UVES.2018-09-01T12_57_30.737.fits
812,UVES.2018-09-02T13_25_32.326.fits,860,58363.559401924,EDIBLES_raw_all/UVES.2018-09-02T13_25_32.326.fits
813,UVES.2018-09-05T12_18_27.906.fits,860,58366.512822986,EDIBLES_raw_all/UVES.2018-09-05T12_18_27.906.fits
814,UVES.2018-09-07T12_28_14.731.fits,860,58368.519614935,EDIBLES_raw_all/UVES.2018-09-07T12_28_14.731.fits
815,UVES.2018-09-11T13_35_03.734.fits,860,58372.566015443,EDIBLES_raw_all/UVES.2018-09-11T13_35_03.734.fits
816,UVES.2018-09-12T13_53_21.682.fits,860,58373.578723171,EDIBLES_raw_all/UVES.2018-09-12T13_53_21.682.fits
817,UVES.2018-09-26T12_28_52.077.fits,860,58387.520047189,EDIBLES_raw_all/UVES.2018-09-26T12_28_52.077.fits
818,UVES.2018-09-30T11_31_41.230.fits,860,58391.480338314,EDIBLES_raw_all/UVES.2018-09-30T11_31_41.230.fits
819,UVES.2018-10-09T12_19_07.988.fits,860,58400.513286901,EDIBLES_raw_all/UVES.2018-10-09T12_19_07.988.fits
820,UVES.2018-10-10T11_47_31.747.fits,860,58401.491339668,EDIBLES_raw_all/UVES.2018-10-10T11_47_31.747.fits
821,UVES.2018-12-06T11_22_31.028.fits,860,58458.473970228,calib_raw/UVES.2018-12-06T11_22_31.028.fits
822,UVES.2018-12-09T11_15_23.191.fits,860,58461.46901842,calib_raw/UVES.2018-12-09T11_15_23.191.fits
823,UVES.2018-12-18T11_40_20.484.fits,860,58470.486348199,calib_raw/UVES.2018-12-18T11_40_20.484.fits
824,UVES.2018-12-30T11_53_06.135.fits,860,58482.495209899,calib_raw/UVES.2018-12-30T11_53_06.135.fits
825,UVES.2019-01-02T10_52_12.724.fits,860,58485.452925055,EDIBLES_raw_all/UVES.2019-01-02T10_52_12.724.fits
826,UVES.2019-01-03T11_23_57.995.fits,860,58486.474976785,calib_raw/UVES.2019-01-03T11_23_57.995.fits
827,UVES.2019-01-03T11_23_57.995.fits,860,58486.474976785,EDIBLES_raw_all/UVES.2019-01-03T11_23_57.995.fits
828,UVES.2019-01-15T14_48_49.943.fits,860,58498.617244712,calib_raw/UVES.2019-01-15T14_48_49.943.fits
829,UVES.2019-01-30T10_35_32.194.fits,860,58513.441344845,EDIBLES_raw_all/UVES.2019-01-30T10_35_32.194.fits
830,UVES.2019-02-03T15_47_11.782.fits,860,58517.657775249,calib_raw/UVES.2019-02-03T15_47_11.782.fits
831,UVES.2019-02-03T15_47_11.782.fits,860,58517.657775249,EDIBLES_raw_all/UVES.2019-02-03T15_47_11.782.fits
832,UVES.2019-02-13T12_44_15.095.fits,860,58527.530730271,EDIBLES_raw_all/UVES.2019-02-13T12_44_15.095.fits
833,UVES.2019-02-18T14_05_07.079.fits,860,58532.586887488,calib_raw/UVES.2019-02-18T14_05_07.079.fits
834,UVES.2019-03-09T12_50_13.838.fits,860,58551.534882384,calib_raw/UVES.2019-03-09T12_50_13.838.fits
835,UVES.2019-03-25T12_45_24.892.fits,860,58567.531538097,calib_raw/UVES.2019-03-25T12_45_24.892.fits
836,UVES.2019-03-25T12_45_24.892.fits,860,58567.531538097,EDIBLES_raw_all/UVES.2019-03-25T12_45_24.892.fits
837,UVES.2019-03-27T12_16_02.874.fits,860,58569.511144367,EDIBLES_raw_all/UVES.2019-03-27T12_16_02.874.fits
838,UVES.2019-04-02T15_21_44.127.fits,860,58575.640094057,calib_raw/UVES.2019-04-02T15_21_44.127.fits
839,UVES.2019-05-04T12_30_01.658.fits,860,58607.520852523,calib_raw/UVES.2019-05-04T12_30_01.658.fits
840,UVES.2019-05-21T13_50_50.611.fits,860,58624.576974673,calib_raw/UVES.2019-05-21T13_50_50.611.fits
841,UVES.2019-06-08T13_47_26.912.fits,860,58642.574617036,calib_raw/UVES.2019-06-08T13_47_26.912.fits
842,UVES.2019-07-03T13_02_42.729.fits,860,58667.543550099,calib_raw/UVES.2019-07-03T13_02_42.729.fits
843,UVES.2019-10-02T10_45_57.896.fits,860,58758.448586757,calib_raw/UVES.2019-10-02T10_45_57.896.fits
